market,status,side,size,maxSize,entryPrice,exitPrice,createdAt,createdAtHeight,closedAt,sumOpen,sumClose,netFunding,subaccountNumber
BTC/USDC:USDC,OPEN,,0.01186,,59033.7,,,,,,,,,
ETH/USDC:USDC,OPEN,,0.2672,,2616.24,,,,,,,,,
SOL/USDC:USDC,OPEN,,3.49,,143.2703,,,,,,,,,
BNB/USDC:USDC,OPEN,,1.08,,536.258,,,,,,,,,
ARB/USDC:USDC,OPEN,,932.4,,0.53625,,,,,,,,,
LINK/USDC:USDC,OPEN,,49.2,,10.14932,,,,,,,,,
AAVE/USDC:USDC,OPEN,,4.47,,111.9166,,,,,,,,,
WLD/USDC:USDC,OPEN,,132.6,,1.50824,,,,,,,,,
SEI/USDC:USDC,OPEN,,1132,,0.264666,,,,,,,,,
TON/USDC:USDC,OPEN,,28.8,,6.94283,,,,,,,,
DOT/USDC:USDC,OPEN,,-2.7,,4.3808,,,,,,,,
LTC/USDC:USDC,OPEN,,1.5,,66.312,,,,,,,,
ETH/USDC:USDC,OPEN,,0.306,,2610.18,,,,,,,,,
ARB/USDC:USDC,OPEN,,1121.1,,0.53515,,,,,,,,
LINK/USDC:USDC,OPEN,,59.2,,10.12038,,,,,,,,,
WLD/USDC:USDC,OPEN,,200.3,,1.49771,,,,,,,,
WLD/USDC:USDC,OPEN,,269,,1.4867,,,,,,,,
WLD/USDC:USDC,OPEN,,338,,1.47864,,,,,,,,
DOT/USDC:USDC,OPEN,,-10,,4.4548,,,,,,,,
DOT/USDC:USDC,OPEN,,-20,,4.4557,,,,,,,,
LTC/USDC:USDC,OPEN,,1.5,,66.203,,,,,,,,
SUI/USDC:USDC,OPEN,,112,,0.88998,,,,,,,,
DOT/USDC:USDC,OPEN,,-10,,4.5262,,,,,,,,
TON/USDC:USDC,OPEN,,43.5,,6.90473,,,,,,,,
DOT/USDC:USDC,OPEN,,-10,,4.5742,,,,,,,,
SUI/USDC:USDC,OPEN,,111.2,,0.90009,,,,,,,,
DOT/USDC:USDC,OPEN,,-10,,4.5611,,,,,,,,
SUI/USDC:USDC,OPEN,,221.3,,0.90387,,,,,,,,
SEI/USDC:USDC,OPEN,,361,,0.27662,,,,,,,,
DOT/USDC:USDC,OPEN,,-10,,4.56467,,,,,,,,
BNB/USDC:USDC,OPEN,,0.17,,567.03,,,,,,,,
DOT/USDC:USDC,OPEN,,-10,,4.5609,,,,,,,,
SEI/USDC:USDC,OPEN,,726,,0.275443,,,,,,,,
LINK/USDC:USDC,OPEN,,9.6,,10.438,,,,,,,,
TON/USDC:USDC,OPEN,,47.9,,6.89698,,,,,,,,
SOL/USDC:USDC,OPEN,,0.68,,146.47,,,,,,,,
TON/USDC:USDC,OPEN,,58.2,,6.88343,,,,,,,,
LTC/USDC:USDC,OPEN,,1.5,,66.345,,,,,,,,
LTC/USDC:USDC,OPEN,,3,,66.289,,,,,,,,
DOT/USDC:USDC,OPEN,,-10,,4.5519,,,,,,,,
DOT/USDC:USDC,OPEN,,-10,,4.5537,,,,,,,,
LTC/USDC:USDC,OPEN,,4.51,,66.1912,,,,,,,,
WLD/USDC:USDC,OPEN,,63.8,,1.5669,,,,,,,,
BTC/USDC:USDC,OPEN,,0.00165,,60521,,,,,,,,,
SEI/USDC:USDC,OPEN,,1095,,0.273976,,,,,,,,
TON/USDC:USDC,OPEN,,73,,6.85952,,,,,,,,
DOT/USDC:USDC,OPEN,,-10,,4.5259,,,,,,,,
BTC/USDC:USDC,OPEN,,0.0033,,60495.5,,,,,,,,
LTC/USDC:USDC,OPEN,,6.03,,66.0714,,,,,,,,
DOT/USDC:USDC,OPEN,,-10,,4.5227,,,,,,,,
TON/USDC:USDC,OPEN,,88.1,,6.8214,,,,,,,,
SUI/USDC:USDC,OPEN,,336.4,,0.89223,,,,,,,,
ETH/USDC:USDC,OPEN,,0.0382,,2610.9,,,,,,,,,
LTC/USDC:USDC,OPEN,,7.56,,65.9153,,,,,,,,
BTC/USDC:USDC,OPEN,,0.00497,,60340,,,,,,,,,
SOL/USDC:USDC,OPEN,,1.38,,145.0902,,,,,,,,,
LINK/USDC:USDC,OPEN,,19.3,,10.35607,,,,,,,,,
SEI/USDC:USDC,OPEN,,1469,,0.27234,,,,,,,,
WLD/USDC:USDC,OPEN,,128.5,,1.55657,,,,,,,,
TON/USDC:USDC,OPEN,,103.2,,6.7903,,,,,,,,
BTC/USDC:USDC,OPEN,,0.00667,,59978.4,,,,,,,,,
SOL/USDC:USDC,OPEN,,2.09,,143.8774,,,,,,,,,
SEI/USDC:USDC,OPEN,,1851,,0.270132,,,,,,,,
ETH/USDC:USDC,OPEN,,0.0771,,2588.54,,,,,,,,,
LINK/USDC:USDC,OPEN,,29.2,,10.26315,,,,,,,,
LTC/USDC:USDC,OPEN,,9.1,,65.6715,,,,,,,,,
ARB/USDC:USDC,OPEN,,189.1,,0.52903,,,,,,,,
LTC/USDC:USDC,OPEN,,10.66,,65.3826,,,,,,,,
LTC/USDC:USDC,OPEN,,12.23,,65.1386,,,,,,,,
AAVE/USDC:USDC,OPEN,,0.81,,123.62,,,,,,,,
ETH/USDC:USDC,OPEN,,0.1157,,2588.19,,,,,,,,
BTC/USDC:USDC,OPEN,,0.00836,,59788.5,,,,,,,,,
SOL/USDC:USDC,OPEN,,2.79,,143.6221,,,,,,,,,
LINK/USDC:USDC,OPEN,,39,,10.2503,,,,,,,,,
WLD/USDC:USDC,OPEN,,194,,1.54659,,,,,,,,
ARB/USDC:USDC,OPEN,,376,,0.53226,,,,,,,,
BTC/USDC:USDC,OPEN,,0.01005,,59673.5,,,,,,,,
TON/USDC:USDC,OPEN,,118.2,,6.77609,,,,,,,,
SEI/USDC:USDC,OPEN,,2227,,0.269387,,,,,,,,
SOL/USDC:USDC,OPEN,,3.49,,143.399,,,,,,,,
WLD/USDC:USDC,OPEN,,259.4,,1.54177,,,,,,,,
BNB/USDC:USDC,OPEN,,0.34,,568.015,,,,,,,,
BTC/USDC:USDC,OPEN,,0.01174,,59580.6,,,,,,,,
SEI/USDC:USDC,OPEN,,2604,,0.268762,,,,,,,,
TON/USDC:USDC,OPEN,,133.3,,6.75926,,,,,,,,
SUI/USDC:USDC,OPEN,,452.2,,0.88479,,,,,,,,
WLD/USDC:USDC,OPEN,,325.9,,1.53398,,,,,,,,
WLD/USDC:USDC,OPEN,,391.9,,1.5308,,,,,,,,
BNB/USDC:USDC,OPEN,,0.51,,565.723,,,,,,,,
SOL/USDC:USDC,OPEN,,4.19,,143.2906,,,,,,,,,
SUI/USDC:USDC,OPEN,,567.3,,0.88143,,,,,,,,
BNB/USDC:USDC,OPEN,,0.69,,562.732,,,,,,,,
LINK/USDC:USDC,OPEN,,9.7,,10.305,,,,,,,,
WLD/USDC:USDC,OPEN,,458,,1.52793,,,,,,,,
SOL/USDC:USDC,OPEN,,4.9,,142.9949,,,,,,,,
SEI/USDC:USDC,OPEN,,376,,0.26584,,,,,,,,
SUI/USDC:USDC,OPEN,,685,,0.87605,,,,,,,,
AAVE/USDC:USDC,OPEN,,1.62,,131.02,,,,,,,,
BNB/USDC:USDC,OPEN,,0.87,,560.735,,,,,,,,,
SEI/USDC:USDC,OPEN,,755,,0.264916,,,,,,,,
WLD/USDC:USDC,OPEN,,524.7,,1.5243,,,,,,,,
AAVE/USDC:USDC,OPEN,,2.36,,132.4184,,,,,,,,
SOL/USDC:USDC,OPEN,,5.62,,142.5702,,,,,,,,
LINK/USDC:USDC,OPEN,,19.5,,10.26881,,,,,,,,
TON/USDC:USDC,OPEN,,148.3,,6.75055,,,,,,,,
BTC/USDC:USDC,OPEN,,0.01343,,59506,,,,,,,,,
ETH/USDC:USDC,OPEN,,0.1549,,2577.21,,,,,,,,,
ARB/USDC:USDC,OPEN,,565.3,,0.5309,,,,,,,,,
SUI/USDC:USDC,OPEN,,804.6,,0.87003,,,,,,,,
SEI/USDC:USDC,OPEN,,1139,,0.263484,,,,,,,,
LTC/USDC:USDC,OPEN,,13.83,,64.8291,,,,,,,,
LTC/USDC:USDC,OPEN,,15.43,,64.5535,,,,,,,,
AAVE/USDC:USDC,OPEN,,3.07,,134.0076,,,,,,,,
AAVE/USDC:USDC,OPEN,,3.08,,134.0248,,,,,,,,
TON/USDC:USDC,OPEN,,163.7,,6.72783,,,,,,,,
BTC/USDC:USDC,OPEN,,0.00164,,61007,,,,,,,,
ETH/USDC:USDC,OPEN,,0.038,,2627.8,,,,,,,,
SOL/USDC:USDC,OPEN,,0.7,,143.07,,,,,,,,
SUI/USDC:USDC,OPEN,,922.2,,0.86747,,,,,,,,
BNB/USDC:USDC,OPEN,,0.17,,568.37,,,,,,,,
DOT/USDC:USDC,OPEN,,-21.5,,4.6508,,,,,,,,
SUI/USDC:USDC,OPEN,,1040.4,,0.86512,,,,,,,,
SOL/USDC:USDC,OPEN,,1.4,,142.655,,,,,,,,
LTC/USDC:USDC,OPEN,,17,,64.4769,,,,,,,,
WLD/USDC:USDC,OPEN,,64.2,,1.5578,,,,,,,,
AAVE/USDC:USDC,OPEN,,3.8,,134.8992,,,,,,,,
AAVE/USDC:USDC,OPEN,,4.53,,135.3119,,,,,,,,
AAVE/USDC:USDC,OPEN,,5.26,,135.5517,,,,,,,,
SOL/USDC:USDC,OPEN,,2.11,,142.0543,,,,,,,,
BTC/USDC:USDC,OPEN,,0.00331,,60499.9,,,,,,,,,
ETH/USDC:USDC,OPEN,,0.0766,,2608.75,,,,,,,,
TON/USDC:USDC,OPEN,,179,,6.71237,,,,,,,,
TON/USDC:USDC,OPEN,,194.5,,6.69188,,,,,,,,
SUI/USDC:USDC,OPEN,,1159.2,,0.86273,,,,,,,,
AAVE/USDC:USDC,OPEN,,6,,135.5774,,,,,,,,
AAVE/USDC:USDC,OPEN,,6.74,,135.5063,,,,,,,,
LTC/USDC:USDC,OPEN,,18.58,,64.3732,,,,,,,,
TIA/USDC:USDC,OPEN,,-19.6,,5.1927,,,,,,,,
TIA/USDC:USDC,OPEN,,-0.3,,5.1927,,,,,,,,
TIA/USDC:USDC,OPEN,,18.8,,5.233,,,,,,,,
SUI/USDC:USDC,OPEN,,1277.8,,0.86098,,,,,,,,
SEI/USDC:USDC,OPEN,,350,,0.28535,,,,,,,,
TIA/USDC:USDC,OPEN,,-19.5,,5.22274,,,,,,,,
TIA/USDC:USDC,OPEN,,18.8,,5.2416,,,,,,,,
TON/USDC:USDC,OPEN,,209.9,,6.67756,,,,,,,,
BNB/USDC:USDC,OPEN,,0.17,,579.58,,,,,,,,
LTC/USDC:USDC,OPEN,,20.16,,64.2629,,,,,,,,
DOT/USDC:USDC,OPEN,,-21.6,,4.6334,,,,,,,,
WLD/USDC:USDC,OPEN,,61.2,,1.6343,,,,,,,,
LTC/USDC:USDC,OPEN,,21.75,,64.1591,,,,,,,,
SEI/USDC:USDC,OPEN,,707,,0.282623,,,,,,,,
INJ/USDC:USDC,OPEN,,-10.3,,19.9928,,,,,,,,
BNB/USDC:USDC,OPEN,,0.34,,576.35,,,,,,,,
LINK/USDC:USDC,OPEN,,8.8,,11.368,,,,,,,,
TON/USDC:USDC,OPEN,,225.2,,6.66807,,,,,,,,
TIA/USDC:USDC,OPEN,,-19.7,,5.1517,,,,,,,,
TIA/USDC:USDC,OPEN,,19,,5.21719,,,,,,,,
LINK/USDC:USDC,OPEN,,7.3,,11.368,,,,,,,,
AAVE/USDC:USDC,OPEN,,0.75,,134.04,,,,,,,,
ARB/USDC:USDC,OPEN,,178.2,,0.56171,,,,,,,,
SUI/USDC:USDC,OPEN,,116,,0.86285,,,,,,,,
SOL/USDC:USDC,OPEN,,0.69,,144.93,,,,,,,,
BTC/USDC:USDC,OPEN,,0.00164,,61089,,,,,,,,
TON/USDC:USDC,OPEN,,240.4,,6.66255,,,,,,,,
LINK/USDC:USDC,OPEN,,8.6,,11.579,,,,,,,,
BTC/USDC:USDC,OPEN,,0.00328,,60959,,,,,,,,,
WLD/USDC:USDC,OPEN,,58.9,,1.6985,,,,,,,,
SOL/USDC:USDC,OPEN,,1.38,,144.435,,,,,,,,
ARB/USDC:USDC,OPEN,,175.5,,0.57037,,,,,,,,
SEI/USDC:USDC,OPEN,,322,,0.31041,,,,,,,,
ETH/USDC:USDC,OPEN,,0.0377,,2653.3,,,,,,,,
AAVE/USDC:USDC,OPEN,,0.74,,135.55,,,,,,,,
TON/USDC:USDC,OPEN,,14.8,,6.7463,,,,,,,,
AAVE/USDC:USDC,OPEN,,0.7,,142.26,,,,,,,,
TON/USDC:USDC,OPEN,,29.8,,6.69978,,,,,,,,
AAVE/USDC:USDC,OPEN,,1.41,,141.9175,,,,,,,,
LTC/USDC:USDC,OPEN,,1.51,,65.916,,,,,,,,
SUI/USDC:USDC,OPEN,,100,,1.0005,,,,,,,,
BNB/USDC:USDC,OPEN,,0.17,,586.48,,,,,,,,
WLD/USDC:USDC,OPEN,,54.3,,1.8406,,,,,,,,
kSHIB/USDC:USDC,OPEN,,6577,,0.015174,,,,,,,,
SUI/USDC:USDC,OPEN,,201,,0.99482,,,,,,,,
BTC/USDC:USDC,OPEN,,0.00157,,63694,,,,,,,,
BNB/USDC:USDC,OPEN,,0.34,,585.48,,,,,,,,
BNB/USDC:USDC,OPEN,,0.51,,583.52,,,,,,,,
BNB/USDC:USDC,OPEN,,0.68,,582,,,,,,,,
TON/USDC:USDC,OPEN,,14.9,,6.7078,,,,,,,,
BNB/USDC:USDC,OPEN,,0.85,,580.936,,,,,,,,
TON/USDC:USDC,OPEN,,29.9,,6.69912,,,,,,,,
SEI/USDC:USDC,OPEN,,295,,0.33907,,,,,,,,
AAVE/USDC:USDC,OPEN,,2.14,,140.4072,,,,,,,,
SUI/USDC:USDC,OPEN,,98.9,,1.0102,,,,,,,,
BNB/USDC:USDC,OPEN,,1.02,,580.58,,,,,,,,
SEI/USDC:USDC,OPEN,,585,,0.341647,,,,,,,,
TON/USDC:USDC,OPEN,,14.9,,6.719,,,,,,,,
LTC/USDC:USDC,OPEN,,1.49,,66.854,,,,,,,,
LINK/USDC:USDC,OPEN,,8.3,,12.046,,,,,,,,
WLD/USDC:USDC,OPEN,,52.5,,1.9052,,,,,,,,
AAVE/USDC:USDC,OPEN,,2.87,,139.7135,,,,,,,,
TON/USDC:USDC,OPEN,,14.8,,6.7659,,,,,,,,
ETH/USDC:USDC,OPEN,,0.036,,2778.7,,,,,,,,
SUI/USDC:USDC,OPEN,,98.2,,1.019,,,,,,,,
kBONK/USDC:USDC,OPEN,,4460,,0.022426,,,,,,,,
LTC/USDC:USDC,OPEN,,0.26,,67.578,,,,,,,,
LTC/USDC:USDC,OPEN,,1.48,,67.578,,,,,,,,
TON/USDC:USDC,OPEN,,30.5,,6.54841,,,,,,,,
BTC/USDC:USDC,OPEN,,0.00156,,63995,,,,,,,,,
SEI/USDC:USDC,OPEN,,291,,0.34394,,,,,,,,
SOL/USDC:USDC,OPEN,,0.63,,159.53,,,,,,,,
ETH/USDC:USDC,OPEN,,0.0719,,2779.89,,,,,,,,,
SUI/USDC:USDC,OPEN,,196.6,,1.01729,,,,,,,,,
LINK/USDC:USDC,OPEN,,8.1,,12.331,,,,,,,,
ARB/USDC:USDC,OPEN,,161.4,,0.61892,,,,,,,,
kSHIB/USDC:USDC,OPEN,,6381,,0.015668,,,,,,,,,
kBONK/USDC:USDC,OPEN,,9018,,0.022163,,,,,,,,
WLD/USDC:USDC,OPEN,,104.4,,1.91568,,,,,,,,
LTC/USDC:USDC,OPEN,,2.97,,67.2112,,,,,,,,
TRX/USDC:USDC,OPEN,,634,,0.15765,,,,,,,,
BNB/USDC:USDC,OPEN,,0.17,,581.42,,,,,,,,
RUNE/USDC:USDC,OPEN,,-48,,4.4474,,,,,,,,
RUNE/USDC:USDC,OPEN,,-22.6,,4.4474,,,,,,,,
kPEPE/USDC:USDC,OPEN,,10812,,0.009249,,,,,,,,
ONDO/USDC:USDC,OPEN,,127,,0.76293,,,,,,,,
kBONK/USDC:USDC,OPEN,,13644,,0.021976,,,,,,,,
LINK/USDC:USDC,OPEN,,16.3,,12.27264,,,,,,,,
SEI/USDC:USDC,OPEN,,584,,0.34257,,,,,,,,
SOL/USDC:USDC,OPEN,,0.63,,159.04,,,,,,,,
WLD/USDC:USDC,OPEN,,158,,1.89842,,,,,,,,
ETH/USDC:USDC,OPEN,,0.1081,,2772.83,,,,,,,,,
BNB/USDC:USDC,OPEN,,0.34,,579.525,,,,,,,,,
LTC/USDC:USDC,OPEN,,4.48,,66.8178,,,,,,,,,
kSHIB/USDC:USDC,OPEN,,12873,,0.015532,,,,,,,,
TRX/USDC:USDC,OPEN,,631,,0.15853,,,,,,,,
SUI/USDC:USDC,OPEN,,296.3,,1.01275,,,,,,,,
ARB/USDC:USDC,OPEN,,325.1,,0.61513,,,,,,,,
TRX/USDC:USDC,OPEN,,1265,,0.158109,,,,,,,,
TRX/USDC:USDC,OPEN,,1902,,0.157714,,,,,,,,
SUI/USDC:USDC,OPEN,,397.4,,1.00666,,,,,,,,
ARB/USDC:USDC,OPEN,,491.5,,0.61064,,,,,,,,,
LINK/USDC:USDC,OPEN,,24.6,,12.19043,,,,,,,,,
WLD/USDC:USDC,OPEN,,212.6,,1.88205,,,,,,,,
LTC/USDC:USDC,OPEN,,6,,66.5146,,,,,,,,,
kSHIB/USDC:USDC,OPEN,,19450,,0.01542,,,,,,,,
kPEPE/USDC:USDC,OPEN,,21642,,0.009244,,,,,,,,
SOL/USDC:USDC,OPEN,,1.26,,158.4,,,,,,,,
kBONK/USDC:USDC,OPEN,,18371,,0.021761,,,,,,,,
SEI/USDC:USDC,OPEN,,883,,0.339617,,,,,,,,
kPEPE/USDC:USDC,OPEN,,10737,,0.009311,,,,,,,,
SOL/USDC:USDC,OPEN,,1.89,,158.1533,,,,,,,,,
kSHIB/USDC:USDC,OPEN,,26008,,0.015373,,,,,,,,,
kBONK/USDC:USDC,OPEN,,23097,,0.021639,,,,,,,,
LTC/USDC:USDC,OPEN,,7.51,,66.3828,,,,,,,,
ARB/USDC:USDC,OPEN,,657.4,,0.60868,,,,,,,,
LINK/USDC:USDC,OPEN,,32.9,,12.15374,,,,,,,,
kPEPE/USDC:USDC,OPEN,,21578,,0.009265,,,,,,,,
WLD/USDC:USDC,OPEN,,267,,1.87344,,,,,,,,
kSHIB/USDC:USDC,OPEN,,32601,,0.01533,,,,,,,,
kPEPE/USDC:USDC,OPEN,,32620,,0.009194,,,,,,,,
SOL/USDC:USDC,OPEN,,2.52,,158.0225,,,,,,,,
SUI/USDC:USDC,OPEN,,498.9,,1.00203,,,,,,,,
BTC/USDC:USDC,OPEN,,0.00312,,63959.5,,,,,,,,,
ETH/USDC:USDC,OPEN,,0.1445,,2765.19,,,,,,,,
kPEPE/USDC:USDC,OPEN,,43898,,0.009105,,,,,,,,
BNB/USDC:USDC,OPEN,,0.51,,576.916,,,,,,,,
SOL/USDC:USDC,OPEN,,3.16,,157.6574,,,,,,,,,
ARB/USDC:USDC,OPEN,,825.9,,0.60566,,,,,,,,,
kSHIB/USDC:USDC,OPEN,,39348,,0.015244,,,,,,,,
SEI/USDC:USDC,OPEN,,290,,0.34318,,,,,,,,
kBONK/USDC:USDC,OPEN,,27942,,0.021467,,,,,,,,
LINK/USDC:USDC,OPEN,,41.2,,12.13123,,,,,,,,
WLD/USDC:USDC,OPEN,,322.2,,1.86275,,,,,,,,
TON/USDC:USDC,OPEN,,49,,6.11222,,,,,,,,
kBONK/USDC:USDC,OPEN,,32858,,0.021295,,,,,,,,
WLD/USDC:USDC,OPEN,,378.1,,1.85208,,,,,,,,
BTC/USDC:USDC,OPEN,,0.00469,,63922.5,,,,,,,,
RUNE/USDC:USDC,OPEN,,22.5,,4.4605,,,,,,,,
ARB/USDC:USDC,OPEN,,992,,0.60511,,,,,,,,
SOL/USDC:USDC,OPEN,,0.63,,158.76,,,,,,,,,
BNB/USDC:USDC,OPEN,,0.68,,575.825,,,,,,,,,
AAVE/USDC:USDC,OPEN,,3.61,,138.8539,,,,,,,,
ETH/USDC:USDC,OPEN,,0.0364,,2745.5,,,,,,,,,
ARB/USDC:USDC,OPEN,,1159.7,,0.60391,,,,,,,,
LTC/USDC:USDC,OPEN,,9.05,,66.1058,,,,,,,,,
kSHIB/USDC:USDC,OPEN,,45966,,0.015223,,,,,,,,,
kBONK/USDC:USDC,OPEN,,37621,,0.021254,,,,,,,,
TRX/USDC:USDC,OPEN,,604,,0.16538,,,,,,,,
TRX/USDC:USDC,OPEN,,1212,,0.164978,,,,,,,,
RUNE/USDC:USDC,OPEN,,-23,,4.3431,,,,,,,,
SUI/USDC:USDC,OPEN,,101.4,,0.98666,,,,,,,,
kPEPE/USDC:USDC,OPEN,,11035,,0.00907,,,,,,,,,
kSHIB/USDC:USDC,OPEN,,52655,,0.015187,,,,,,,,,
kBONK/USDC:USDC,OPEN,,42396,,0.02122,,,,,,,,
BTC/USDC:USDC,OPEN,,0.00156,,63977,,,,,,,,
TON/USDC:USDC,OPEN,,66.7,,5.99174,,,,,,,,
SOL/USDC:USDC,OPEN,,0.63,,158.66,,,,,,,,,
kPEPE/USDC:USDC,OPEN,,22165,,0.00903,,,,,,,,
SUI/USDC:USDC,OPEN,,203.7,,0.9812,,,,,,,,,
kSHIB/USDC:USDC,OPEN,,59367,,0.015152,,,,,,,,
ETH/USDC:USDC,OPEN,,0.0729,,2739.64,,,,,,,,,
BNB/USDC:USDC,OPEN,,0.85,,573.31,,,,,,,,
kBONK/USDC:USDC,OPEN,,47242,,0.021161,,,,,,,,
AAVE/USDC:USDC,OPEN,,4.36,,137.8607,,,,,,,,
SOL/USDC:USDC,OPEN,,0.63,,159.2,,,,,,,,
kBONK/USDC:USDC,OPEN,,52056,,0.021123,,,,,,,,
BNB/USDC:USDC,OPEN,,1.02,,571.408,,,,,,,,
WLD/USDC:USDC,OPEN,,55.7,,1.798,,,,,,,,
LINK/USDC:USDC,OPEN,,8,,12.415,,,,,,,,
LINK/USDC:USDC,OPEN,,16.1,,12.37877,,,,,,,,
SUI/USDC:USDC,OPEN,,306.7,,0.97758,,,,,,,,
LTC/USDC:USDC,OPEN,,10.6,,65.841,,,,,,,,
WLD/USDC:USDC,OPEN,,111.3,,1.79964,,,,,,,,
SUI/USDC:USDC,OPEN,,410.8,,0.97351,,,,,,,,
BNB/USDC:USDC,OPEN,,1.19,,570.034,,,,,,,,,
kSHIB/USDC:USDC,OPEN,,66122,,0.015117,,,,,,,,
LTC/USDC:USDC,OPEN,,12.16,,65.574,,,,,,,,
ETH/USDC:USDC,OPEN,,0.1095,,2735.14,,,,,,,,
SOL/USDC:USDC,OPEN,,0.63,,159.18,,,,,,,,,
kPEPE/USDC:USDC,OPEN,,33369,,0.008997,,,,,,,,,
WLD/USDC:USDC,OPEN,,168.2,,1.78511,,,,,,,,,
SEI/USDC:USDC,OPEN,,283,,0.35296,,,,,,,,,
kBONK/USDC:USDC,OPEN,,56935,,0.021067,,,,,,,,
ARB/USDC:USDC,OPEN,,1328.7,,0.60228,,,,,,,,
BTC/USDC:USDC,OPEN,,0.00313,,63784.8,,,,,,,,,
SUI/USDC:USDC,OPEN,,515.7,,0.96909,,,,,,,,
kBONK/USDC:USDC,OPEN,,61850,,0.021009,,,,,,,,
ARB/USDC:USDC,OPEN,,1497.9,,0.60099,,,,,,,,
BNB/USDC:USDC,OPEN,,1.36,,568.347,,,,,,,,
ARB/USDC:USDC,OPEN,,1670,,0.59891,,,,,,,,,
kPEPE/USDC:USDC,OPEN,,44977,,0.008899,,,,,,,,,
kSHIB/USDC:USDC,OPEN,,73038,,0.015053,,,,,,,,
ETH/USDC:USDC,OPEN,,0.1466,,2724.55,,,,,,,,
LTC/USDC:USDC,OPEN,,13.73,,65.3069,,,,,,,,,
TON/USDC:USDC,OPEN,,85.2,,5.86763,,,,,,,,
BNB/USDC:USDC,OPEN,,1.54,,566.829,,,,,,,,
WLD/USDC:USDC,OPEN,,227.4,,1.75965,,,,,,,,
BTC/USDC:USDC,OPEN,,0.00471,,63616.5,,,,,,,,,
AAVE/USDC:USDC,OPEN,,5.13,,136.7138,,,,,,,,
SEI/USDC:USDC,OPEN,,577,,0.345704,,,,,,,,
BNB/USDC:USDC,OPEN,,1.72,,565.551,,,,,,,,
LINK/USDC:USDC,OPEN,,24.4,,12.2455,,,,,,,,
SUI/USDC:USDC,OPEN,,621.8,,0.96457,,,,,,,,
SUI/USDC:USDC,OPEN,,728.7,,0.96015,,,,,,,,,
TON/USDC:USDC,OPEN,,104.4,,5.74735,,,,,,,,
TRX/USDC:USDC,OPEN,,616,,0.16213,,,,,,,,
kPEPE/USDC:USDC,OPEN,,56803,,0.008806,,,,,,,,,
WLD/USDC:USDC,OPEN,,287.9,,1.73713,,,,,,,,,
kBONK/USDC:USDC,OPEN,,66922,,0.020909,,,,,,,,
ETH/USDC:USDC,OPEN,,0.1839,,2714.22,,,,,,,,,
SOL/USDC:USDC,OPEN,,1.27,,158.0612,,,,,,,,,
BNB/USDC:USDC,OPEN,,1.9,,563.909,,,,,,,,,
kSHIB/USDC:USDC,OPEN,,79963,,0.014999,,,,,,,,
ARB/USDC:USDC,OPEN,,1845.1,,0.59618,,,,,,,,
LTC/USDC:USDC,OPEN,,15.31,,65.0948,,,,,,,,,
AAVE/USDC:USDC,OPEN,,5.91,,135.5994,,,,,,,,
BTC/USDC:USDC,OPEN,,0.0063,,63458.1,,,,,,,,,
LINK/USDC:USDC,OPEN,,32.8,,12.15471,,,,,,,,
TRX/USDC:USDC,OPEN,,1234,,0.161869,,,,,,,,
LINK/USDC:USDC,OPEN,,41.2,,12.09463,,,,,,,,
ETH/USDC:USDC,OPEN,,0.2211,,2708.39,,,,,,,,
ARB/USDC:USDC,OPEN,,2020.2,,0.59399,,,,,,,,
BTC/USDC:USDC,OPEN,,0.00789,,63340.8,,,,,,,,
LTC/USDC:USDC,OPEN,,16.89,,64.9082,,,,,,,,
TRX/USDC:USDC,OPEN,,1851,,0.161863,,,,,,,,
BTC/USDC:USDC,OPEN,,0.00948,,63246.4,,,,,,,,,
SOL/USDC:USDC,OPEN,,1.9,,157.895,,,,,,,,
RUNE/USDC:USDC,OPEN,,23,,4.353,,,,,,,,
TRX/USDC:USDC,OPEN,,2469,,0.161807,,,,,,,,
BTC/USDC:USDC,OPEN,,0.01107,,63201.2,,,,,,,,,
SUI/USDC:USDC,OPEN,,105.2,,0.94999,,,,,,,,
AAVE/USDC:USDC,OPEN,,6.69,,134.7903,,,,,,,,
WLD/USDC:USDC,OPEN,,346.8,,1.7306,,,,,,,,,
kSHIB/USDC:USDC,OPEN,,86770,,0.014975,,,,,,,,,
kBONK/USDC:USDC,OPEN,,71946,,0.02084,,,,,,,,
ARB/USDC:USDC,OPEN,,2194.8,,0.59232,,,,,,,,,
kPEPE/USDC:USDC,OPEN,,68521,,0.00876,,,,,,,,
ETH/USDC:USDC,OPEN,,0.2584,,2704.11,,,,,,,,,
SOL/USDC:USDC,OPEN,,2.53,,157.9635,,,,,,,,,
BNB/USDC:USDC,OPEN,,2.08,,563.049,,,,,,,,,
LTC/USDC:USDC,OPEN,,18.47,,64.7606,,,,,,,,,
LINK/USDC:USDC,OPEN,,49.6,,12.05929,,,,,,,,
TRX/USDC:USDC,OPEN,,3090,,0.161614,,,,,,,,
SOL/USDC:USDC,OPEN,,3.17,,157.7488,,,,,,,,
kPEPE/USDC:USDC,OPEN,,80369,,0.008714,,,,,,,,
RUNE/USDC:USDC,OPEN,,-23.4,,4.26898,,,,,,,,
LTC/USDC:USDC,OPEN,,20.05,,64.6142,,,,,,,,,
WLD/USDC:USDC,OPEN,,407.3,,1.71896,,,,,,,,
ETH/USDC:USDC,OPEN,,0.2958,,2699.63,,,,,,,,
BNB/USDC:USDC,OPEN,,2.26,,562.197,,,,,,,,,
SUI/USDC:USDC,OPEN,,214.5,,0.93141,,,,,,,,
ETH/USDC:USDC,OPEN,,0.3334,,2694.94,,,,,,,,
SOL/USDC:USDC,OPEN,,3.81,,157.4365,,,,,,,,
BTC/USDC:USDC,OPEN,,0.01267,,63112,,,,,,,,
LINK/USDC:USDC,OPEN,,58.2,,12.00103,,,,,,,,
SEI/USDC:USDC,OPEN,,882,,0.339319,,,,,,,,
SOL/USDC:USDC,OPEN,,4.46,,156.9123,,,,,,,,
ETH/USDC:USDC,OPEN,,0.3712,,2689.52,,,,,,,,
kBONK/USDC:USDC,OPEN,,77070,,0.020753,,,,,,,,
SUI/USDC:USDC,OPEN,,325.6,,0.92028,,,,,,,,
SEI/USDC:USDC,OPEN,,1190,,0.335406,,,,,,,,
ONDO/USDC:USDC,OPEN,,273,,0.721028,,,,,,,,
kPEPE/USDC:USDC,OPEN,,92497,,0.008653,,,,,,,,
SUI/USDC:USDC,OPEN,,438,,0.91233,,,,,,,,
kBONK/USDC:USDC,OPEN,,82231,,0.020666,,,,,,,,
SOL/USDC:USDC,OPEN,,5.11,,156.5012,,,,,,,,
LINK/USDC:USDC,OPEN,,66.9,,11.93405,,,,,,,,,
WLD/USDC:USDC,OPEN,,469.6,,1.7038,,,,,,,,
BNB/USDC:USDC,OPEN,,2.44,,561.01,,,,,,,,
WLD/USDC:USDC,OPEN,,532.1,,1.69149,,,,,,,,
SOL/USDC:USDC,OPEN,,5.76,,156.2065,,,,,,,,
DOT/USDC:USDC,OPEN,,-3.9,,4.5494,,,,,,,,
DOT/USDC:USDC,OPEN,,-219.6,,4.5494,,,,,,,,
SUI/USDC:USDC,OPEN,,110.7,,0.903,,,,,,,,
SUI/USDC:USDC,OPEN,,221.8,,0.90133,,,,,,,,
SUI/USDC:USDC,OPEN,,334,,0.89789,,,,,,,,
WLD/USDC:USDC,OPEN,,595.6,,1.67884,,,,,,,,,
kSHIB/USDC:USDC,OPEN,,93799,,0.014917,,,,,,,,
SOL/USDC:USDC,OPEN,,6.42,,155.7802,,,,,,,,,
BNB/USDC:USDC,OPEN,,2.62,,559.955,,,,,,,,,
kPEPE/USDC:USDC,OPEN,,104775,,0.008593,,,,,,,,,
LINK/USDC:USDC,OPEN,,75.6,,11.87535,,,,,,,,
kBONK/USDC:USDC,OPEN,,87510,,0.020564,,,,,,,,
SUI/USDC:USDC,OPEN,,447.6,,0.8932,,,,,,,,
BTC/USDC:USDC,OPEN,,0.0143,,62924.2,,,,,,,,
LTC/USDC:USDC,OPEN,,20.29,,64.5895,,,,,,,,
LTC/USDC:USDC,OPEN,,21.65,,64.4596,,,,,,,,
WLD/USDC:USDC,OPEN,,659.6,,1.66758,,,,,,,,
SUI/USDC:USDC,OPEN,,562.2,,0.88869,,,,,,,,
SOL/USDC:USDC,OPEN,,7.09,,155.268,,,,,,,,
kBONK/USDC:USDC,OPEN,,92852,,0.020458,,,,,,,,
BTC/USDC:USDC,OPEN,,0.01594,,62728.1,,,,,,,,,
LTC/USDC:USDC,OPEN,,23.27,,64.2669,,,,,,,,
SEI/USDC:USDC,OPEN,,1507,,0.331286,,,,,,,,
ONDO/USDC:USDC,OPEN,,421,,0.702077,,,,,,,,
kPEPE/USDC:USDC,OPEN,,117554,,0.008507,,,,,,,,
ARB/USDC:USDC,OPEN,,2382.6,,0.58754,,,,,,,,
ETH/USDC:USDC,OPEN,,0.4122,,2664.1,,,,,,,,,
SEI/USDC:USDC,OPEN,,1833,,0.326778,,,,,,,,
BNB/USDC:USDC,OPEN,,2.8,,557.852,,,,,,,,,
ONDO/USDC:USDC,OPEN,,573,,0.68923,,,,,,,,
ARB/USDC:USDC,OPEN,,2574.5,,0.5825,,,,,,,,
LTC/USDC:USDC,OPEN,,24.94,,63.9625,,,,,,,,,
kSHIB/USDC:USDC,OPEN,,101157,,0.014819,,,,,,,,
kPEPE/USDC:USDC,OPEN,,130783,,0.008412,,,,,,,,
SUI/USDC:USDC,OPEN,,681.1,,0.8804,,,,,,,,
ETH/USDC:USDC,OPEN,,0.4532,,2643.6,,,,,,,,
SUI/USDC:USDC,OPEN,,802.4,,0.8717,,,,,,,,
TON/USDC:USDC,OPEN,,123.3,,5.67879,,,,,,,,
BTC/USDC:USDC,OPEN,,0.01763,,62400,,,,,,,,
ETH/USDC:USDC,OPEN,,0.4938,,2628.75,,,,,,,,
LINK/USDC:USDC,OPEN,,84.6,,11.79393,,,,,,,,
BNB/USDC:USDC,OPEN,,2.98,,556.516,,,,,,,,
WLD/USDC:USDC,OPEN,,727,,1.65057,,,,,,,,
BTC/USDC:USDC,OPEN,,0.01934,,62073.7,,,,,,,,
SOL/USDC:USDC,OPEN,,7.78,,154.3192,,,,,,,,,
LTC/USDC:USDC,OPEN,,26.6,,63.7293,,,,,,,,,
SUI/USDC:USDC,OPEN,,924.1,,0.86488,,,,,,,,,
kPEPE/USDC:USDC,OPEN,,143975,,0.008336,,,,,,,,
ETH/USDC:USDC,OPEN,,0.5348,,2614.1,,,,,,,,
TON/USDC:USDC,OPEN,,142.3,,5.62437,,,,,,,,
LINK/USDC:USDC,OPEN,,93.7,,11.7145,,,,,,,,
TRX/USDC:USDC,OPEN,,3724,,0.160933,,,,,,,,
BNB/USDC:USDC,OPEN,,3.16,,555.13,,,,,,,,
STG/USDC:USDC,OPEN,,327,,0.30569,,,,,,,,
SUI/USDC:USDC,OPEN,,1045.2,,0.8603,,,,,,,,
WIF/USDC:USDC,OPEN,,115,,1.624,,,,,,,,
WIF/USDC:USDC,OPEN,,-8,,1.617,,,,,,,,
kSHIB/USDC:USDC,OPEN,,108317,,0.014762,,,,,,,,
BNB/USDC:USDC,OPEN,,3.34,,554.366,,,,,,,,
TON/USDC:USDC,OPEN,,161,,5.59289,,,,,,,,
kPEPE/USDC:USDC,OPEN,,156754,,0.008295,,,,,,,,,
LINK/USDC:USDC,OPEN,,102.4,,11.69024,,,,,,,,
ETH/USDC:USDC,OPEN,,0.5749,,2605.43,,,,,,,,
BTC/USDC:USDC,OPEN,,0.02103,,61825.3,,,,,,,,
SUI/USDC:USDC,OPEN,,1168.1,,0.85536,,,,,,,,
LINK/USDC:USDC,OPEN,,111.3,,11.65624,,,,,,,,,
WLD/USDC:USDC,OPEN,,793.7,,1.63775,,,,,,,,
BTC/USDC:USDC,OPEN,,0.02274,,61587.9,,,,,,,,
STG/USDC:USDC,OPEN,,-336,,0.29745,,,,,,,,
CRV/USDC:USDC,OPEN,,-343.2,,0.29149,,,,,,,,
SUI/USDC:USDC,OPEN,,1297.5,,0.84704,,,,,,,,
SEI/USDC:USDC,OPEN,,2171,,0.321768,,,,,,,,
ARB/USDC:USDC,OPEN,,2771.3,,0.57716,,,,,,,,,
LINK/USDC:USDC,OPEN,,120.3,,11.61365,,,,,,,,,
AAVE/USDC:USDC,OPEN,,7.51,,133.3938,,,,,,,,,
WLD/USDC:USDC,OPEN,,862.8,,1.62258,,,,,,,,
kPEPE/USDC:USDC,OPEN,,170187,,0.008229,,,,,,,,,
kSHIB/USDC:USDC,OPEN,,115747,,0.014678,,,,,,,,
ETH/USDC:USDC,OPEN,,0.6155,,2596.05,,,,,,,,,
SOL/USDC:USDC,OPEN,,8.49,,153.2095,,,,,,,,,
BNB/USDC:USDC,OPEN,,3.53,,552.74,,,,,,,,,
kBONK/USDC:USDC,OPEN,,98513,,0.020298,,,,,,,,
BTC/USDC:USDC,OPEN,,0.02446,,61336.8,,,,,,,,
SEI/USDC:USDC,OPEN,,2512,,0.317857,,,,,,,,
LINK/USDC:USDC,OPEN,,129.2,,11.58708,,,,,,,,,
WLD/USDC:USDC,OPEN,,929.5,,1.6139,,,,,,,,
SUI/USDC:USDC,OPEN,,1420.8,,0.84382,,,,,,,,
LINK/USDC:USDC,OPEN,,138.2,,11.55979,,,,,,,,
AAVE/USDC:USDC,OPEN,,8.31,,132.5347,,,,,,,,,
WLD/USDC:USDC,OPEN,,996.6,,1.60561,,,,,,,,
ARB/USDC:USDC,OPEN,,2964.4,,0.57332,,,,,,,,
SUI/USDC:USDC,OPEN,,1545,,0.8406,,,,,,,,,
kBONK/USDC:USDC,OPEN,,104076,,0.020174,,,,,,,,
LINK/USDC:USDC,OPEN,,147.2,,11.53241,,,,,,,,
LTC/USDC:USDC,OPEN,,28.22,,63.6042,,,,,,,,
SUI/USDC:USDC,OPEN,,1667.7,,0.83868,,,,,,,,
CRV/USDC:USDC,OPEN,,330.4,,0.30304,,,,,,,,
LINK/USDC:USDC,OPEN,,156.1,,11.5134,,,,,,,,
RUNE/USDC:USDC,OPEN,,47.6,,4.1138,,,,,,,,
STG/USDC:USDC,OPEN,,331,,0.30171,,,,,,,,
TON/USDC:USDC,OPEN,,18.1,,5.5341,,,,,,,,
RUNE/USDC:USDC,OPEN,,23.6,,4.1138,,,,,,,,
BTC/USDC:USDC,OPEN,,0.02612,,61269.1,,,,,,,,
kPEPE/USDC:USDC,OPEN,,182786,,0.008209,,,,,,,,
LINK/USDC:USDC,OPEN,,165,,11.49903,,,,,,,,
SOL/USDC:USDC,OPEN,,9.18,,152.5256,,,,,,,,,
SEI/USDC:USDC,OPEN,,2826,,0.317943,,,,,,,,
WLD/USDC:USDC,OPEN,,1055.3,,1.60168,,,,,,,,
WLD/USDC:USDC,OPEN,,1061.8,,1.60128,,,,,,,,
CRV/USDC:USDC,OPEN,,-345.5,,0.28907,,,,,,,,,
DOT/USDC:USDC,OPEN,,-232.7,,4.2935,,,,,,,,
SOL/USDC:USDC,OPEN,,9.88,,151.789,,,,,,,,
kBONK/USDC:USDC,OPEN,,109581,,0.020072,,,,,,,,
SUI/USDC:USDC,OPEN,,122.7,,0.81366,,,,,,,,
TON/USDC:USDC,OPEN,,36.6,,5.47536,,,,,,,,
ETH/USDC:USDC,OPEN,,0.6548,,2592.66,,,,,,,,,
BNB/USDC:USDC,OPEN,,3.71,,551.939,,,,,,,,,
LINK/USDC:USDC,OPEN,,174,,11.47663,,,,,,,,
SEI/USDC:USDC,OPEN,,3149,,0.31714,,,,,,,,
BTC/USDC:USDC,OPEN,,0.0278,,61172.9,,,,,,,,,
ARB/USDC:USDC,OPEN,,3158.4,,0.5698,,,,,,,,,
kPEPE/USDC:USDC,OPEN,,195653,,0.008181,,,,,,,,,
AAVE/USDC:USDC,OPEN,,9.11,,131.9204,,,,,,,,,
WLD/USDC:USDC,OPEN,,1128.3,,1.59561,,,,,,,,
SEI/USDC:USDC,OPEN,,3475,,0.316085,,,,,,,,
kSHIB/USDC:USDC,OPEN,,122875,,0.01464,,,,,,,,
SUI/USDC:USDC,OPEN,,246.6,,0.80991,,,,,,,,
BTC/USDC:USDC,OPEN,,0.02949,,61053.2,,,,,,,,,
ETH/USDC:USDC,OPEN,,0.6944,,2588.61,,,,,,,,
BNB/USDC:USDC,OPEN,,3.89,,551.072,,,,,,,,,
LINK/USDC:USDC,OPEN,,183.2,,11.44853,,,,,,,,
SEI/USDC:USDC,OPEN,,3803,,0.315112,,,,,,,,
LTC/USDC:USDC,OPEN,,29.83,,63.5113,,,,,,,,,
kPEPE/USDC:USDC,OPEN,,208733,,0.008147,,,,,,,,,
kBONK/USDC:USDC,OPEN,,115162,,0.019968,,,,,,,,
ARB/USDC:USDC,OPEN,,3354.3,,0.56634,,,,,,,,
AAVE/USDC:USDC,OPEN,,9.92,,131.2663,,,,,,,,
STG/USDC:USDC,OPEN,,-339,,0.294851,,,,,,,,
SUI/USDC:USDC,OPEN,,372.2,,0.80529,,,,,,,,
LTC/USDC:USDC,OPEN,,31.44,,63.4308,,,,,,,,
LTC/USDC:USDC,OPEN,,33.07,,63.322,,,,,,,,
SOL/USDC:USDC,OPEN,,10.6,,150.8837,,,,,,,,,
SUI/USDC:USDC,OPEN,,497.6,,0.8035,,,,,,,,,
kPEPE/USDC:USDC,OPEN,,221945,,0.008113,,,,,,,,,
LINK/USDC:USDC,OPEN,,192.4,,11.41977,,,,,,,,
BTC/USDC:USDC,OPEN,,0.03119,,60938.9,,,,,,,,,
ETH/USDC:USDC,OPEN,,0.7341,,2584.51,,,,,,,,,
BNB/USDC:USDC,OPEN,,4.07,,550.277,,,,,,,,,
kSHIB/USDC:USDC,OPEN,,130059,,0.0146,,,,,,,,,
kBONK/USDC:USDC,OPEN,,120752,,0.019872,,,,,,,,
LTC/USDC:USDC,OPEN,,34.69,,63.2416,,,,,,,,
SUI/USDC:USDC,OPEN,,623,,0.80202,,,,,,,,
RUNE/USDC:USDC,OPEN,,-488.9,,4.1086,,,,,,,,
BNB/USDC:USDC,OPEN,,4.25,,549.534,,,,,,,,
ETH/USDC:USDC,OPEN,,0.7738,,2580.88,,,,,,,,
BTC/USDC:USDC,OPEN,,0.03289,,60827.9,,,,,,,,,
SOL/USDC:USDC,OPEN,,11.32,,150.047,,,,,,,,,
SUI/USDC:USDC,OPEN,,748.5,,0.80099,,,,,,,,,
kPEPE/USDC:USDC,OPEN,,235039,,0.008086,,,,,,,,,
LINK/USDC:USDC,OPEN,,201.5,,11.40049,,,,,,,,,
WLD/USDC:USDC,OPEN,,1195.4,,1.58968,,,,,,,,,
kBONK/USDC:USDC,OPEN,,126360,,0.019781,,,,,,,,
ARB/USDC:USDC,OPEN,,3378.1,,0.56591,,,,,,,,,
kSHIB/USDC:USDC,OPEN,,137258,,0.014562,,,,,,,,
RUNE/USDC:USDC,OPEN,,-5.6,,4.1086,,,,,,,,
ETH/USDC:USDC,OPEN,,0.8135,,2577.83,,,,,,,,
TRX/USDC:USDC,OPEN,,4345,,0.160932,,,,,,,,
DOT/USDC:USDC,OPEN,,-233.5,,4.2787,,,,,,,,
kSHIB/USDC:USDC,OPEN,,144371,,0.014538,,,,,,,,
BTC/USDC:USDC,OPEN,,0.03458,,60754.7,,,,,,,,,
SOL/USDC:USDC,OPEN,,12.04,,149.3613,,,,,,,,
WIF/USDC:USDC,OPEN,,1270,,1.562348,,,,,,,,
kPEPE/USDC:USDC,OPEN,,248025,,0.008066,,,,,,,,,
kBONK/USDC:USDC,OPEN,,132048,,0.019687,,,,,,,,
CRV/USDC:USDC,OPEN,,-352.9,,0.2831,,,,,,,,
LINK/USDC:USDC,OPEN,,210.7,,11.37737,,,,,,,,
SEI/USDC:USDC,OPEN,,4146,,0.313145,,,,,,,,
BTC/USDC:USDC,OPEN,,0.03629,,60643.7,,,,,,,,,
ETH/USDC:USDC,OPEN,,0.8542,,2572.03,,,,,,,,,
SOL/USDC:USDC,OPEN,,12.78,,148.5093,,,,,,,,,
WLD/USDC:USDC,OPEN,,1264.5,,1.58177,,,,,,,,
LTC/USDC:USDC,OPEN,,1.61,,61.921,,,,,,,,,
SUI/USDC:USDC,OPEN,,876.4,,0.79784,,,,,,,,,
LINK/USDC:USDC,OPEN,,220.1,,11.34742,,,,,,,,,
AAVE/USDC:USDC,OPEN,,10.74,,130.5352,,,,,,,,,
kSHIB/USDC:USDC,OPEN,,151645,,0.0145,,,,,,,,
ARB/USDC:USDC,OPEN,,3580.3,,0.56187,,,,,,,,
kPEPE/USDC:USDC,OPEN,,261423,,0.008036,,,,,,,,
AAVE/USDC:USDC,OPEN,,11.58,,129.7427,,,,,,,,
TON/USDC:USDC,OPEN,,55.5,,5.41649,,,,,,,,
SEI/USDC:USDC,OPEN,,4500,,0.310739,,,,,,,,
STG/USDC:USDC,OPEN,,341,,0.29268,,,,,,,,
TRX/USDC:USDC,OPEN,,4973,,0.16068,,,,,,,,
BTC/USDC:USDC,OPEN,,0.03799,,60560.9,,,,,,,,,
ETH/USDC:USDC,OPEN,,0.8941,,2568.93,,,,,,,,,
LINK/USDC:USDC,OPEN,,229.2,,11.3322,,,,,,,,,
kBONK/USDC:USDC,OPEN,,137794,,0.019592,,,,,,,,
kSHIB/USDC:USDC,OPEN,,158891,,0.014468,,,,,,,,
TRX/USDC:USDC,OPEN,,5600,,0.160547,,,,,,,,
kSHIB/USDC:USDC,OPEN,,166052,,0.014447,,,,,,,,
LINK/USDC:USDC,OPEN,,238.2,,11.32274,,,,,,,,
WLD/USDC:USDC,OPEN,,1330.1,,1.5789,,,,,,,,
SOL/USDC:USDC,OPEN,,13.5,,147.9525,,,,,,,,
TRX/USDC:USDC,OPEN,,6230,,0.160348,,,,,,,,
SOL/USDC:USDC,OPEN,,14.23,,147.4209,,,,,,,,
kPEPE/USDC:USDC,OPEN,,274361,,0.008021,,,,,,,,
ARB/USDC:USDC,OPEN,,3775.6,,0.55931,,,,,,,,,
SUI/USDC:USDC,OPEN,,122.7,,0.81513,,,,,,,,,
WLD/USDC:USDC,OPEN,,1396.2,,1.57582,,,,,,,,,
kBONK/USDC:USDC,OPEN,,143470,,0.019514,,,,,,,,
BTC/USDC:USDC,OPEN,,0.03968,,60502,,,,,,,,,
BNB/USDC:USDC,OPEN,,4.43,,548.997,,,,,,,,
TRX/USDC:USDC,OPEN,,6866,,0.16005,,,,,,,,
BTC/USDC:USDC,OPEN,,0.04137,,60446.2,,,,,,,,
ETH/USDC:USDC,OPEN,,0.9337,,2566.9,,,,,,,,
BTC/USDC:USDC,OPEN,,0.04306,,60392.8,,,,,,,,
kPEPE/USDC:USDC,OPEN,,287363,,0.008006,,,,,,,,
BNB/USDC:USDC,OPEN,,4.61,,548.472,,,,,,,,
LTC/USDC:USDC,OPEN,,1.52,,65.555,,,,,,,,
TRX/USDC:USDC,OPEN,,7502,,0.159806,,,,,,,,
SUI/USDC:USDC,OPEN,,246.1,,0.81244,,,,,,,,
kBONK/USDC:USDC,OPEN,,149201,,0.019434,,,,,,,,
SOL/USDC:USDC,OPEN,,14.96,,146.8817,,,,,,,,
WLD/USDC:USDC,OPEN,,1462.9,,1.57232,,,,,,,,
LINK/USDC:USDC,OPEN,,247.2,,11.31371,,,,,,,,
ETH/USDC:USDC,OPEN,,0.9734,,2564.78,,,,,,,,
BTC/USDC:USDC,OPEN,,0.04476,,60338.7,,,,,,,,
SEI/USDC:USDC,OPEN,,4847,,0.309117,,,,,,,,
kSHIB/USDC:USDC,OPEN,,173287,,0.014421,,,,,,,,
BTC/USDC:USDC,OPEN,,0.04646,,60283.4,,,,,,,,
TRX/USDC:USDC,OPEN,,8139,,0.159571,,,,,,,,
SEI/USDC:USDC,OPEN,,5195,,0.307689,,,,,,,,
TRX/USDC:USDC,OPEN,,8776,,0.159372,,,,,,,,
SUI/USDC:USDC,OPEN,,369.7,,0.81149,,,,,,,,
WLD/USDC:USDC,OPEN,,1529.8,,1.56891,,,,,,,,
DOT/USDC:USDC,OPEN,,-234.9,,4.2533,,,,,,,,
BTC/USDC:USDC,OPEN,,0.04816,,60237.3,,,,,,,,,
SUI/USDC:USDC,OPEN,,493.9,,0.8101,,,,,,,,
ETH/USDC:USDC,OPEN,,1.0131,,2562.93,,,,,,,,,
SOL/USDC:USDC,OPEN,,15.7,,146.3669,,,,,,,,,
LINK/USDC:USDC,OPEN,,256.2,,11.30593,,,,,,,,,
TRX/USDC:USDC,OPEN,,9414,,0.159192,,,,,,,,
kBONK/USDC:USDC,OPEN,,154954,,0.019358,,,,,,,,
ARB/USDC:USDC,OPEN,,3971.2,,0.55697,,,,,,,,
BTC/USDC:USDC,OPEN,,0.04986,,60196.2,,,,,,,,,
SUI/USDC:USDC,OPEN,,617.9,,0.80947,,,,,,,,
BNB/USDC:USDC,OPEN,,4.79,,547.922,,,,,,,,
CRV/USDC:USDC,OPEN,,-350.6,,0.28481,,,,,,,,
kSHIB/USDC:USDC,OPEN,,180553,,0.014395,,,,,,,,
LINK/USDC:USDC,OPEN,,265.3,,11.2965,,,,,,,,
ETH/USDC:USDC,OPEN,,1.0529,,2560.79,,,,,,,,,
STG/USDC:USDC,OPEN,,-348,,0.28744,,,,,,,,,
kBONK/USDC:USDC,OPEN,,160742,,0.019284,,,,,,,,
SUI/USDC:USDC,OPEN,,743.6,,0.80698,,,,,,,,
SUI/USDC:USDC,OPEN,,871,,0.80362,,,,,,,,
ETH/USDC:USDC,OPEN,,1.0929,,2558.42,,,,,,,,
SOL/USDC:USDC,OPEN,,16.44,,145.8494,,,,,,,,
TRX/USDC:USDC,OPEN,,10050,,0.159069,,,,,,,,
SOL/USDC:USDC,OPEN,,17.18,,145.3855,,,,,,,,
BNB/USDC:USDC,OPEN,,4.97,,547.333,,,,,,,,
BTC/USDC:USDC,OPEN,,0.05156,,60154.1,,,,,,,,
ETH/USDC:USDC,OPEN,,1.1327,,2556.79,,,,,,,,,
kPEPE/USDC:USDC,OPEN,,300516,,0.007988,,,,,,,,
LTC/USDC:USDC,OPEN,,3.06,,65.1186,,,,,,,,
LINK/USDC:USDC,OPEN,,274.4,,11.2856,,,,,,,,
ETH/USDC:USDC,OPEN,,1.1725,,2555.14,,,,,,,,
AAVE/USDC:USDC,OPEN,,0.78,,128.98,,,,,,,,
BNB/USDC:USDC,OPEN,,5.15,,546.719,,,,,,,,
LTC/USDC:USDC,OPEN,,4.61,,64.8817,,,,,,,,
BNB/USDC:USDC,OPEN,,5.33,,546.059,,,,,,,,
SEI/USDC:USDC,OPEN,,5551,,0.30595,,,,,,,,
kSHIB/USDC:USDC,OPEN,,187848,,0.014368,,,,,,,,
SOL/USDC:USDC,OPEN,,17.93,,144.895,,,,,,,,
kPEPE/USDC:USDC,OPEN,,313780,,0.007969,,,,,,,,,
kBONK/USDC:USDC,OPEN,,166585,,0.019207,,,,,,,,
ARB/USDC:USDC,OPEN,,4168.3,,0.55461,,,,,,,,,
LINK/USDC:USDC,OPEN,,283.6,,11.27293,,,,,,,,
WLD/USDC:USDC,OPEN,,1597.8,,1.56477,,,,,,,,
TON/USDC:USDC,OPEN,,74.1,,5.40703,,,,,,,,
kSHIB/USDC:USDC,OPEN,,195169,,0.014342,,,,,,,,
SEI/USDC:USDC,OPEN,,5909,,0.304258,,,,,,,,
SUI/USDC:USDC,OPEN,,997.9,,0.80165,,,,,,,,
SOL/USDC:USDC,OPEN,,18.68,,144.4227,,,,,,,,,
TRX/USDC:USDC,OPEN,,10689,,0.158917,,,,,,,,,
kBONK/USDC:USDC,OPEN,,172459,,0.019133,,,,,,,,
BTC/USDC:USDC,OPEN,,0.05327,,60105.2,,,,,,,,,
ETH/USDC:USDC,OPEN,,1.2127,,2552.73,,,,,,,,,
BNB/USDC:USDC,OPEN,,5.52,,545.353,,,,,,,,,
LTC/USDC:USDC,OPEN,,6.17,,64.6808,,,,,,,,,
AAVE/USDC:USDC,OPEN,,1.57,,128.1497,,,,,,,,
kPEPE/USDC:USDC,OPEN,,327146,,0.00795,,,,,,,,
WLD/USDC:USDC,OPEN,,1666.1,,1.56066,,,,,,,,
BTC/USDC:USDC,OPEN,,0.05498,,60050.9,,,,,,,,
TRX/USDC:USDC,OPEN,,11330,,0.158738,,,,,,,,
kPEPE/USDC:USDC,OPEN,,340492,,0.007932,,,,,,,,
BTC/USDC:USDC,OPEN,,0.05671,,59985.9,,,,,,,,
ETH/USDC:USDC,OPEN,,1.2532,,2549.93,,,,,,,,,
BNB/USDC:USDC,OPEN,,5.71,,544.53,,,,,,,,
SEI/USDC:USDC,OPEN,,6270,,0.302699,,,,,,,,
LINK/USDC:USDC,OPEN,,292.8,,11.25854,,,,,,,,
BTC/USDC:USDC,OPEN,,0.05843,,59928.6,,,,,,,,
BNB/USDC:USDC,OPEN,,5.9,,543.66,,,,,,,,,
TRX/USDC:USDC,OPEN,,11970,,0.158607,,,,,,,,
TON/USDC:USDC,OPEN,,93,,5.38493,,,,,,,,
kPEPE/USDC:USDC,OPEN,,353969,,0.007912,,,,,,,,
kBONK/USDC:USDC,OPEN,,178450,,0.019051,,,,,,,,
AAVE/USDC:USDC,OPEN,,2.38,,126.4107,,,,,,,,
SOL/USDC:USDC,OPEN,,19.43,,143.9833,,,,,,,,
WLD/USDC:USDC,OPEN,,1735.8,,1.55563,,,,,,,,
kBONK/USDC:USDC,OPEN,,184403,,0.018978,,,,,,,,
kPEPE/USDC:USDC,OPEN,,367575,,0.007891,,,,,,,,,
AAVE/USDC:USDC,OPEN,,3.19,,125.5954,,,,,,,,
SEI/USDC:USDC,OPEN,,6639,,0.300922,,,,,,,,
BNB/USDC:USDC,OPEN,,6.09,,542.813,,,,,,,,
ARB/USDC:USDC,OPEN,,4369.5,,0.55198,,,,,,,,
SOL/USDC:USDC,OPEN,,20.19,,143.5337,,,,,,,,,
LINK/USDC:USDC,OPEN,,302.3,,11.2359,,,,,,,,,
kSHIB/USDC:USDC,OPEN,,202664,,0.014305,,,,,,,,
SUI/USDC:USDC,OPEN,,127.7,,0.78324,,,,,,,,
WLD/USDC:USDC,OPEN,,1805.8,,1.55071,,,,,,,,
RUNE/USDC:USDC,OPEN,,498.4,,3.9214,,,,,,,,
SOL/USDC:USDC,OPEN,,20.93,,143.2189,,,,,,,,
ETH/USDC:USDC,OPEN,,1.2932,,2548.29,,,,,,,,
ARB/USDC:USDC,OPEN,,4568.1,,0.54987,,,,,,,,
LINK/USDC:USDC,OPEN,,311.7,,11.21796,,,,,,,,
BTC/USDC:USDC,OPEN,,0.06015,,59879.4,,,,,,,,,
SOL/USDC:USDC,OPEN,,21.68,,142.8858,,,,,,,,,
kSHIB/USDC:USDC,OPEN,,210105,,0.014274,,,,,,,,
ETH/USDC:USDC,OPEN,,1.3335,,2546.06,,,,,,,,,
kPEPE/USDC:USDC,OPEN,,381016,,0.007875,,,,,,,,,
kBONK/USDC:USDC,OPEN,,190301,,0.018916,,,,,,,,
AAVE/USDC:USDC,OPEN,,4,,125.1043,,,,,,,,
SEI/USDC:USDC,OPEN,,7003,,0.29952,,,,,,,,
LTC/USDC:USDC,OPEN,,7.72,,64.6479,,,,,,,,
BNB/USDC:USDC,OPEN,,6.28,,542.069,,,,,,,,,
LINK/USDC:USDC,OPEN,,321.2,,11.1985,,,,,,,,
SUI/USDC:USDC,OPEN,,126.3,,0.79151,,,,,,,,
TRX/USDC:USDC,OPEN,,12611,,0.158468,,,,,,,,
WLD/USDC:USDC,OPEN,,1874.7,,1.54707,,,,,,,,
DOT/USDC:USDC,OPEN,,-240.2,,4.1642,,,,,,,,
TON/USDC:USDC,OPEN,,112.1,,5.35758,,,,,,,,
AAVE/USDC:USDC,OPEN,,4.82,,124.6289,,,,,,,,
SUI/USDC:USDC,OPEN,,254.4,,0.78494,,,,,,,,,
WLD/USDC:USDC,OPEN,,1944.7,,1.54268,,,,,,,,,
SEI/USDC:USDC,OPEN,,7373,,0.298023,,,,,,,,
TRX/USDC:USDC,OPEN,,13255,,0.1583,,,,,,,,
kPEPE/USDC:USDC,OPEN,,394768,,0.007854,,,,,,,,
BTC/USDC:USDC,OPEN,,0.06189,,59812.3,,,,,,,,,
ETH/USDC:USDC,OPEN,,1.3745,,2542.68,,,,,,,,,
SOL/USDC:USDC,OPEN,,22.44,,142.5056,,,,,,,,,
BNB/USDC:USDC,OPEN,,6.47,,541.231,,,,,,,,,
LTC/USDC:USDC,OPEN,,9.29,,64.4867,,,,,,,,,
ARB/USDC:USDC,OPEN,,4771.6,,0.5474,,,,,,,,,
LINK/USDC:USDC,OPEN,,330.8,,11.17544,,,,,,,,,
kSHIB/USDC:USDC,OPEN,,217670,,0.014238,,,,,,,,,
kBONK/USDC:USDC,OPEN,,196312,,0.018847,,,,,,,,
SEI/USDC:USDC,OPEN,,7747,,0.296514,,,,,,,,
WLD/USDC:USDC,OPEN,,2015.8,,1.53782,,,,,,,,
SUI/USDC:USDC,OPEN,,384.5,,0.77929,,,,,,,,,
TON/USDC:USDC,OPEN,,131.4,,5.3331,,,,,,,,
SOL/USDC:USDC,OPEN,,22.53,,142.4504,,,,,,,,
SOL/USDC:USDC,OPEN,,23.22,,142.0415,,,,,,,,,
TRX/USDC:USDC,OPEN,,13898,,0.15817,,,,,,,,,
kBONK/USDC:USDC,OPEN,,202382,,0.018775,,,,,,,,
LTC/USDC:USDC,OPEN,,10.86,,64.3335,,,,,,,,
AAVE/USDC:USDC,OPEN,,5.65,,123.9298,,,,,,,,
SOL/USDC:USDC,OPEN,,24,,141.6027,,,,,,,,,
BNB/USDC:USDC,OPEN,,6.66,,540.346,,,,,,,,
AAVE/USDC:USDC,OPEN,,6.35,,123.4635,,,,,,,,
AAVE/USDC:USDC,OPEN,,6.49,,123.3823,,,,,,,,
SUI/USDC:USDC,OPEN,,515.4,,0.77527,,,,,,,,
WLD/USDC:USDC,OPEN,,2087.2,,1.5332,,,,,,,,
LTC/USDC:USDC,OPEN,,11.05,,64.3137,,,,,,,,
LTC/USDC:USDC,OPEN,,12.44,,64.1873,,,,,,,,
TON/USDC:USDC,OPEN,,150.9,,5.3071,,,,,,,,
BTC/USDC:USDC,OPEN,,0.06363,,59748.2,,,,,,,,
SOL/USDC:USDC,OPEN,,24.78,,141.162,,,,,,,,
BNB/USDC:USDC,OPEN,,6.85,,539.46,,,,,,,,,
kPEPE/USDC:USDC,OPEN,,408849,,0.007828,,,,,,,,
kSHIB/USDC:USDC,OPEN,,225282,,0.0142,,,,,,,,
LTC/USDC:USDC,OPEN,,14.02,,64.0606,,,,,,,,,
SEI/USDC:USDC,OPEN,,8124,,0.295062,,,,,,,,
kBONK/USDC:USDC,OPEN,,208461,,0.018708,,,,,,,,
SUI/USDC:USDC,OPEN,,649,,0.76977,,,,,,,,
kPEPE/USDC:USDC,OPEN,,422823,,0.007806,,,,,,,,,
AAVE/USDC:USDC,OPEN,,7.33,,122.856,,,,,,,,,
TON/USDC:USDC,OPEN,,170.3,,5.28968,,,,,,,,
BTC/USDC:USDC,OPEN,,0.06537,,59689.8,,,,,,,,
LTC/USDC:USDC,OPEN,,15.6,,63.957,,,,,,,,,
kSHIB/USDC:USDC,OPEN,,232865,,0.014167,,,,,,,,,
kBONK/USDC:USDC,OPEN,,214528,,0.018645,,,,,,,,
SEI/USDC:USDC,OPEN,,8501,,0.293717,,,,,,,,
SUI/USDC:USDC,OPEN,,783.2,,0.76544,,,,,,,,
AAVE/USDC:USDC,OPEN,,8.18,,122.3888,,,,,,,,
SOL/USDC:USDC,OPEN,,25.57,,140.7331,,,,,,,,,
LTC/USDC:USDC,OPEN,,17.19,,63.8348,,,,,,,,
SEI/USDC:USDC,OPEN,,8880,,0.292459,,,,,,,,
kSHIB/USDC:USDC,OPEN,,240482,,0.014134,,,,,,,,
kBONK/USDC:USDC,OPEN,,220637,,0.018582,,,,,,,,
CRV/USDC:USDC,OPEN,,365,,0.27453,,,,,,,,
RUNE/USDC:USDC,OPEN,,550.2,,3.91759,,,,,,,,
LTC/USDC:USDC,OPEN,,18.77,,63.7617,,,,,,,,
STG/USDC:USDC,OPEN,,356,,0.28146,,,,,,,,
TRX/USDC:USDC,OPEN,,14538,,0.158083,,,,,,,,
AAVE/USDC:USDC,OPEN,,9,,122.3999,,,,,,,,
ATOM/USDC:USDC,OPEN,,-684.31,,4.3935,,,,,,,,
DYDX/USDC:USDC,OPEN,,-3420.8,,0.87636,,,,,,,,
RUNE/USDC:USDC,OPEN,,-51.8,,3.85018,,,,,,,,
SOL/USDC:USDC,OPEN,,-22.95,,130.73,,,,,,,,
DOGE/USDC:USDC,OPEN,,-31169,,0.096242,,,,,,,,,
DOT/USDC:USDC,OPEN,,-727.6,,4.12495,,,,,,,,,
kBONK/USDC:USDC,OPEN,,-178944,,0.016787,,,,,,,,
NEAR/USDC:USDC,OPEN,,-765.1,,3.92338,,,,,,,,
TON/USDC:USDC,OPEN,,-577.8,,5.19319,,,,,,,,
TON/USDC:USDC,OPEN,,-575.4,,5.21261,,,,,,,,
DOGE/USDC:USDC,OPEN,,1004,,0.099549,,,,,,,,,
WLD/USDC:USDC,OPEN,,2016.2,,1.489,,,,,,,,
BTC/USDC:USDC,OPEN,,0.05062,,59219,,,,,,,,
LINK/USDC:USDC,OPEN,,-281.4,,10.65901,,,,,,,,
ADA/USDC:USDC,OPEN,,-8995,,0.33362,,,,,,,,
RUNE/USDC:USDC,OPEN,,735.8,,4.07764,,,,,,,,
NEAR/USDC:USDC,OPEN,,-758.3,,3.9549,,,,,,,,
RUNE/USDC:USDC,OPEN,,740.9,,4.0467,,,,,,,,
ATOM/USDC:USDC,OPEN,,-683.68,,4.3837,,,,,,,,,
AVAX/USDC:USDC,OPEN,,-135.36,,22.172,,,,,,,,,
BCH/USDC:USDC,OPEN,,-9.417,,318.74,,,,,,,,,
kSHIB/USDC:USDC,OPEN,,-221582,,0.013543,,,,,,,,,
FIL/USDC:USDC,OPEN,,-868.1,,3.45748,,,,,,,,
SOL/USDC:USDC,OPEN,,-22.53,,133.15,,,,,,,,
SUI/USDC:USDC,OPEN,,-3804.8,,0.7879,,,,,,,,
MATIC/USDC:USDC,OPEN,,-7515,,0.39949,,,,,,,,
FIL/USDC:USDC,OPEN,,-880.5,,3.4086,,,,,,,,
RUNE/USDC:USDC,OPEN,,-764.9,,3.9155,,,,,,,,,
DOT/USDC:USDC,OPEN,,-730.5,,4.1109,,,,,,,,
SUI/USDC:USDC,OPEN,,3676.3,,0.81596,,,,,,,,
MATIC/USDC:USDC,OPEN,,-7479.4,,0.40101,,,,,,,,,
FIL/USDC:USDC,OPEN,,-891.3,,3.3638,,,,,,,,
DYDX/USDC:USDC,OPEN,,-3440.4,,0.87156,,,,,,,,,
SOL/USDC:USDC,OPEN,,-23.36,,128.34,,,,,,,,,
AVAX/USDC:USDC,OPEN,,-139.97,,21.441,,,,,,,,,
SUI/USDC:USDC,OPEN,,-3777.7,,0.79457,,,,,,,,
kPEPE/USDC:USDC,OPEN,,-413172,,0.00727,,,,,,,,,
RUNE/USDC:USDC,OPEN,,-777,,3.8542,,,,,,,,,
NEAR/USDC:USDC,OPEN,,-806.7,,3.7303,,,,,,,,,
kBONK/USDC:USDC,OPEN,,-181280,,0.016567,,,,,,,,
WIF/USDC:USDC,OPEN,,-2067,,1.496332,,,,,,,,
WLD/USDC:USDC,OPEN,,-2123.9,,1.4134,,,,,,,,
WIF/USDC:USDC,OPEN,,2067,,1.5068,,,,,,,,
SUI/USDC:USDC,OPEN,,-3821.3,,0.78414,,,,,,,,,
BCH/USDC:USDC,OPEN,,-9.703,,309.19,,,,,,,,
ETH/USDC:USDC,OPEN,,-1.2519,,2388.5,,,,,,,,,
ADA/USDC:USDC,OPEN,,-9517,,0.31441,,,,,,,,
DOT/USDC:USDC,OPEN,,-746.5,,3.99438,,,,,,,,
BTC/USDC:USDC,OPEN,,0.10384,,57757.6,,,,,,,,
NEAR/USDC:USDC,OPEN,,-819.4,,3.65646,,,,,,,,
MATIC/USDC:USDC,OPEN,,-7686.4,,0.39013,,,,,,,,
SUI/USDC:USDC,OPEN,,3757,,0.79898,,,,,,,,
ETH/USDC:USDC,OPEN,,-1.2677,,2365.78,,,,,,,,
WIF/USDC:USDC,OPEN,,1979,,1.519735,,,,,,,,
SUI/USDC:USDC,OPEN,,-3823.3,,0.78554,,,,,,,,
WIF/USDC:USDC,OPEN,,1951,,1.537784,,,,,,,,
WIF/USDC:USDC,OPEN,,1966,,1.528439,,,,,,,,
SUI/USDC:USDC,OPEN,,-3815.2,,0.7848,,,,,,,,
MATIC/USDC:USDC,OPEN,,-8012.8,,0.37375,,,,,,,,,
LINK/USDC:USDC,OPEN,,-293.8,,10.21626,,,,,,,,
WLD/USDC:USDC,OPEN,,-2195.4,,1.36654,,,,,,,,
kBONK/USDC:USDC,OPEN,,-183655,,0.016327,,,,,,,,,
WIF/USDC:USDC,OPEN,,-2025,,1.481084,,,,,,,,
AVAX/USDC:USDC,OPEN,,-140.25,,21.399,,,,,,,,,
kPEPE/USDC:USDC,OPEN,,-426809,,0.007038,,,,,,,,,
kSHIB/USDC:USDC,OPEN,,-229956,,0.013058,,,,,,,,,
RUNE/USDC:USDC,OPEN,,-812.1,,3.6903,,,,,,,,,
TIA/USDC:USDC,OPEN,,-729,,4.1285,,,,,,,,,
FIL/USDC:USDC,OPEN,,-901.7,,3.32614,,,,,,,,
BCH/USDC:USDC,OPEN,,-9.672,,310.69,,,,,,,,
SOL/USDC:USDC,OPEN,,-23.33,,128.6,,,,,,,,,
SEI/USDC:USDC,OPEN,,-11459,,0.26182,,,,,,,,
ADA/USDC:USDC,OPEN,,-9475,,0.317928,,,,,,,,
SOL/USDC:USDC,OPEN,,-23.36,,128.39,,,,,,,,,
AVAX/USDC:USDC,OPEN,,-140.16,,21.406,,,,,,,,
LINK/USDC:USDC,OPEN,,-297.9,,10.06601,,,,,,,,,
kBONK/USDC:USDC,OPEN,,-184900,,0.016235,,,,,,,,
WIF/USDC:USDC,OPEN,,1985,,1.5003,,,,,,,,
SUI/USDC:USDC,OPEN,,3707.1,,0.80928,,,,,,,,
TIA/USDC:USDC,OPEN,,-734.2,,4.1889,,,,,,,,
SUI/USDC:USDC,OPEN,,3706.7,,0.80986,,,,,,,,
SOL/USDC:USDC,OPEN,,22.59,,132.92,,,,,,,,
WIF/USDC:USDC,OPEN,,1903,,1.574648,,,,,,,,
kSHIB/USDC:USDC,OPEN,,222387,,0.013492,,,,,,,,
FIL/USDC:USDC,OPEN,,867.8,,3.45902,,,,,,,,
SEI/USDC:USDC,OPEN,,10874,,0.27643,,,,,,,,
BCH/USDC:USDC,OPEN,,9.443,,318,,,,,,,,
kPEPE/USDC:USDC,OPEN,,1620,,0.00746,,,,,,,,,
kBONK/USDC:USDC,OPEN,,174277,,0.017231,,,,,,,,
kPEPE/USDC:USDC,OPEN,,402571,,0.00746,,,,,,,,
ARB/USDC:USDC,OPEN,,5890.4,,0.50949,,,,,,,,
ADA/USDC:USDC,OPEN,,-9339,,0.321068,,,,,,,,
TIA/USDC:USDC,OPEN,,-718.6,,4.1864,,,,,,,,
FIL/USDC:USDC,OPEN,,-884.7,,3.3812,,,,,,,,
RUNE/USDC:USDC,OPEN,,-812.8,,3.68794,,,,,,,,
LINK/USDC:USDC,OPEN,,-291.4,,10.302,,,,,,,,
MATIC/USDC:USDC,OPEN,,-7880.2,,0.38066,,,,,,,,
SOL/USDC:USDC,OPEN,,22.3,,134.53,,,,,,,,
NEAR/USDC:USDC,OPEN,,765.5,,3.9163,,,,,,,,,
WIF/USDC:USDC,OPEN,,1831,,1.639566,,,,,,,,
MATIC/USDC:USDC,OPEN,,-7857.5,,0.38163,,,,,,,,
TIA/USDC:USDC,OPEN,,-722.2,,4.1605,,,,,,,,
ARB/USDC:USDC,OPEN,,-6032.6,,0.49647,,,,,,,,
DOT/USDC:USDC,OPEN,,-729.7,,4.1102,,,,,,,,,
WIF/USDC:USDC,OPEN,,1831,,1.637197,,,,,,,,
SEI/USDC:USDC,OPEN,,10881,,0.27526,,,,,,,,
TIA/USDC:USDC,OPEN,,-727.3,,4.1379,,,,,,,,
FIL/USDC:USDC,OPEN,,-884.4,,3.388,,,,,,,,
kBONK/USDC:USDC,OPEN,,175871,,0.017074,,,,,,,,
ARB/USDC:USDC,OPEN,,-6004.8,,0.498,,,,,,,,
BCH/USDC:USDC,OPEN,,-9.568,,313.587,,,,,,,,
RUNE/USDC:USDC,OPEN,,-812.1,,3.68937,,,,,,,,
TIA/USDC:USDC,OPEN,,-727.1,,4.1126,,,,,,,,
LINK/USDC:USDC,OPEN,,-291.6,,10.283,,,,,,,,
kPEPE/USDC:USDC,OPEN,,-415236,,0.007221,,,,,,,,,
kBONK/USDC:USDC,OPEN,,-180614,,0.016641,,,,,,,,
AVAX/USDC:USDC,OPEN,,-138.02,,21.7343,,,,,,,,
NEAR/USDC:USDC,OPEN,,-782.1,,3.8261,,,,,,,,
SEI/USDC:USDC,OPEN,,-11190,,0.267293,,,,,,,,
FIL/USDC:USDC,OPEN,,-895,,3.3551,,,,,,,,
MATIC/USDC:USDC,OPEN,,-7968.1,,0.37654,,,,,,,,
SOL/USDC:USDC,OPEN,,-22.81,,131.39,,,,,,,,
ARB/USDC:USDC,OPEN,,-6044.7,,0.49702,,,,,,,,
FIL/USDC:USDC,OPEN,,-894.5,,3.344,,,,,,,,
SUI/USDC:USDC,OPEN,,3672.7,,0.81637,,,,,,,,
TIA/USDC:USDC,OPEN,,-740.6,,4.07266,,,,,,,,
AVAX/USDC:USDC,OPEN,,-137.91,,21.752,,,,,,,,,
LINK/USDC:USDC,OPEN,,-293.8,,10.211,,,,,,,,
SEI/USDC:USDC,OPEN,,-11169,,0.26787,,,,,,,,
SOL/USDC:USDC,OPEN,,-22.83,,131.29,,,,,,,,,
ADA/USDC:USDC,OPEN,,-9339,,0.320942,,,,,,,,
LINK/USDC:USDC,OPEN,,-253.6,,10.211,,,,,,,,
SUI/USDC:USDC,OPEN,,3604,,0.8339,,,,,,,,
WIF/USDC:USDC,OPEN,,1872,,1.6046,,,,,,,,
SOL/USDC:USDC,OPEN,,22.55,,132.97,,,,,,,,
SEI/USDC:USDC,OPEN,,10672,,0.27997,,,,,,,,
AVAX/USDC:USDC,OPEN,,-138.3,,21.683,,,,,,,,
LINK/USDC:USDC,OPEN,,-548.4,,10.19809,,,,,,,,
WIF/USDC:USDC,OPEN,,1881,,1.595489,,,,,,,,
SEI/USDC:USDC,OPEN,,10921,,0.27361,,,,,,,,
SOL/USDC:USDC,OPEN,,22.63,,132.5131,,,,,,,,
ARB/USDC:USDC,OPEN,,-6065.5,,0.49452,,,,,,,,
kBONK/USDC:USDC,OPEN,,-180191,,0.016649,,,,,,,,
MATIC/USDC:USDC,OPEN,,-8239.5,,0.36535,,,,,,,,
RUNE/USDC:USDC,OPEN,,-829.6,,3.62501,,,,,,,,
LINK/USDC:USDC,OPEN,,-295.8,,10.136,,,,,,,,,
ADA/USDC:USDC,OPEN,,9077,,0.330245,,,,,,,,
WIF/USDC:USDC,OPEN,,1874,,1.606196,,,,,,,,
SOL/USDC:USDC,OPEN,,22.41,,134.01,,,,,,,,
SEI/USDC:USDC,OPEN,,10933,,0.27446,,,,,,,,
TIA/USDC:USDC,OPEN,,-749.4,,4.0815,,,,,,,,
NEAR/USDC:USDC,OPEN,,772.2,,3.8632,,,,,,,,
LINK/USDC:USDC,OPEN,,-296.5,,10.107,,,,,,,,
kFLOKI/USDC:USDC,OPEN,,-24960,,0.12021,,,,,,,,
ADA/USDC:USDC,OPEN,,-3062,,0.32554,,,,,,,,,
kBONK/USDC:USDC,OPEN,,-61229,,0.016277,,,,,,,,
FIL/USDC:USDC,OPEN,,-297.4,,3.3294,,,,,,,,
AVAX/USDC:USDC,OPEN,,-46.75,,21.3849,,,,,,,,,
SUI/USDC:USDC,OPEN,,-1259.1,,0.79532,,,,,,,,,
RUNE/USDC:USDC,OPEN,,-280.7,,3.5615,,,,,,,,
NEAR/USDC:USDC,OPEN,,-263.6,,3.77679,,,,,,,,
MATIC/USDC:USDC,OPEN,,-2715.2,,0.36809,,,,,,,,
ADA/USDC:USDC,OPEN,,-3082,,0.32398,,,,,,,,
kBONK/USDC:USDC,OPEN,,-61565,,0.016261,,,,,,,,
AVAX/USDC:USDC,OPEN,,-47.11,,21.209,,,,,,,,,
SUI/USDC:USDC,OPEN,,-1281.4,,0.78,,,,,,,,,
BCH/USDC:USDC,OPEN,,-3.294,,303.25,,,,,,,,
FIL/USDC:USDC,OPEN,,-300.1,,3.32461,,,,,,,,
WIF/USDC:USDC,OPEN,,-663,,1.5105,,,,,,,,
ARB/USDC:USDC,OPEN,,-2013.3,,0.49765,,,,,,,,
SUI/USDC:USDC,OPEN,,1250.9,,0.80009,,,,,,,,
DOT/USDC:USDC,OPEN,,-23.8,,4.2016,,,,,,,,
DOT/USDC:USDC,OPEN,,-47.5,,4.21537,,,,,,,,
DOT/USDC:USDC,OPEN,,-70.8,,4.23815,,,,,,,,
DOT/USDC:USDC,OPEN,,-94,,4.25815,,,,,,,,
DOT/USDC:USDC,OPEN,,23.7,,4.2231,,,,,,,,
DOT/USDC:USDC,OPEN,,24.1,,4.1414,,,,,,,,
DOT/USDC:USDC,OPEN,,48.3,,4.14029,,,,,,,,
DOT/USDC:USDC,OPEN,,72.7,,4.12831,,,,,,,,
BTC/USDC:USDC,OPEN,,0.12554,,58176.2,,,,,,,,,
ETH/USDC:USDC,OPEN,,2.5173,,2459.67,,,,,,,,,
SOL/USDC:USDC,OPEN,,44.08,,136.149,,,,,,,,,
LTC/USDC:USDC,OPEN,,27.34,,61.9973,,,,,,,,,
kPEPE/USDC:USDC,OPEN,,735567,,0.007478,,,,,,,,,
LINK/USDC:USDC,OPEN,,548.3,,10.79608,,,,,,,,,
AAVE/USDC:USDC,OPEN,,0.69,,145.88,,,,,,,,,
WLD/USDC:USDC,OPEN,,3584.3,,1.47865,,,,,,,,,
TRX/USDC:USDC,OPEN,,35707,,0.153922,,,,,,,,,
kSHIB/USDC:USDC,OPEN,,407029,,0.013754,,,,,,,,,
SEI/USDC:USDC,OPEN,,360,,0.27722,,,,,,,,,
kBONK/USDC:USDC,OPEN,,402806,,0.017629,,,,,,,,,
ONDO/USDC:USDC,OPEN,,734,,0.674008,,,,,,,,
ETH/USDC:USDC,OPEN,,2.56,,2457.67,,,,,,,,
SOL/USDC:USDC,OPEN,,44.84,,136.0802,,,,,,,,,
kPEPE/USDC:USDC,OPEN,,749470,,0.007473,,,,,,,,
BTC/USDC:USDC,OPEN,,0.12728,,58165.4,,,,,,,,,
kBONK/USDC:USDC,OPEN,,408857,,0.017613,,,,,,,,
TRX/USDC:USDC,OPEN,,36360,,0.153906,,,,,,,,
LTC/USDC:USDC,OPEN,,28.95,,61.9892,,,,,,,,
kPEPE/USDC:USDC,OPEN,,763085,,0.007471,,,,,,,,
WLD/USDC:USDC,OPEN,,3655.9,,1.47704,,,,,,,,
ETH/USDC:USDC,OPEN,,2.6023,,2456.13,,,,,,,,
BTC/USDC:USDC,OPEN,,0.129,,58164.9,,,,,,,,,
SOL/USDC:USDC,OPEN,,45.58,,136.061,,,,,,,,
LTC/USDC:USDC,OPEN,,1.62,,61.573,,,,,,,,
AAVE/USDC:USDC,OPEN,,0.68,,147.36,,,,,,,,
kBONK/USDC:USDC,OPEN,,414785,,0.017603,,,,,,,,
BTC/USDC:USDC,OPEN,,0.13073,,58159.7,,,,,,,,
kSHIB/USDC:USDC,OPEN,,414572,,0.013745,,,,,,,,
TRX/USDC:USDC,OPEN,,37011,,0.153898,,,,,,,,
ETH/USDC:USDC,OPEN,,2.6452,,2454.07,,,,,,,,
AAVE/USDC:USDC,OPEN,,1.36,,146.945,,,,,,,,
AAVE/USDC:USDC,OPEN,,2.05,,146.1489,,,,,,,,
TRX/USDC:USDC,OPEN,,37669,,0.153864,,,,,,,,
AAVE/USDC:USDC,OPEN,,2.75,,145.2277,,,,,,,,
TRX/USDC:USDC,OPEN,,38327,,0.153828,,,,,,,,
BTC/USDC:USDC,OPEN,,0.13246,,58156.5,,,,,,,,
WLD/USDC:USDC,OPEN,,32.6,,1.5344,,,,,,,,
TRX/USDC:USDC,OPEN,,38986,,0.153794,,,,,,,,
kSHIB/USDC:USDC,OPEN,,422016,,0.013739,,,,,,,,
LTC/USDC:USDC,OPEN,,1.6,,62.522,,,,,,,,
TRX/USDC:USDC,OPEN,,39646,,0.153756,,,,,,,,
WLD/USDC:USDC,OPEN,,65.5,,1.52676,,,,,,,,
SEI/USDC:USDC,OPEN,,335,,0.29832,,,,,,,,
kBONK/USDC:USDC,OPEN,,420722,,0.017592,,,,,,,,
kPEPE/USDC:USDC,OPEN,,776687,,0.007469,,,,,,,,
SOL/USDC:USDC,OPEN,,46.32,,136.0366,,,,,,,,
TRX/USDC:USDC,OPEN,,40307,,0.153716,,,,,,,,
BTC/USDC:USDC,OPEN,,0.13419,,58153.1,,,,,,,,
TRX/USDC:USDC,OPEN,,40968,,0.153674,,,,,,,,
AAVE/USDC:USDC,OPEN,,0.7,,142.67,,,,,,,,
WLD/USDC:USDC,OPEN,,99,,1.51452,,,,,,,,
NEAR/USDC:USDC,OPEN,,23.9,,4.1972,,,,,,,,
SUI/USDC:USDC,OPEN,,98,,1.0198,,,,,,,,
kBONK/USDC:USDC,OPEN,,426656,,0.017582,,,,,,,,
ETH/USDC:USDC,OPEN,,2.6879,,2452.26,,,,,,,,
TRX/USDC:USDC,OPEN,,41631,,0.153627,,,,,,,,
kBONK/USDC:USDC,OPEN,,432603,,0.017571,,,,,,,,
TON/USDC:USDC,OPEN,,18.2,,5.4969,,,,,,,,
SUI/USDC:USDC,OPEN,,196.8,,1.01503,,,,,,,,
NEAR/USDC:USDC,OPEN,,47.9,,4.18081,,,,,,,,
AAVE/USDC:USDC,OPEN,,1.41,,141.4614,,,,,,,,
SEI/USDC:USDC,OPEN,,675,,0.295932,,,,,,,,
kSHIB/USDC:USDC,OPEN,,429382,,0.013736,,,,,,,,
SUI/USDC:USDC,OPEN,,297.3,,1.0083,,,,,,,,
SOL/USDC:USDC,OPEN,,47.07,,135.9812,,,,,,,,
ETH/USDC:USDC,OPEN,,2.7303,,2450.77,,,,,,,,
BTC/USDC:USDC,OPEN,,0.13592,,58149.9,,,,,,,,
kBONK/USDC:USDC,OPEN,,438519,,0.017562,,,,,,,,
NEAR/USDC:USDC,OPEN,,72,,4.1709,,,,,,,,
BTC/USDC:USDC,OPEN,,0.13765,,58143.6,,,,,,,,
WLD/USDC:USDC,OPEN,,133,,1.5035,,,,,,,,
TRX/USDC:USDC,OPEN,,42304,,0.153548,,,,,,,,
kBONK/USDC:USDC,OPEN,,444178,,0.017564,,,,,,,,
kSHIB/USDC:USDC,OPEN,,7158,,0.013966,,,,,,,,
kPEPE/USDC:USDC,OPEN,,12623,,0.007929,,,,,,,,
TRX/USDC:USDC,OPEN,,42976,,0.153472,,,,,,,,
ETH/USDC:USDC,OPEN,,2.7714,,2450.44,,,,,,,,
BTC/USDC:USDC,OPEN,,0.00166,,60384,,,,,,,,,
kPEPE/USDC:USDC,OPEN,,25372,,0.007888,,,,,,,,
kBONK/USDC:USDC,OPEN,,449884,,0.017564,,,,,,,,
TRX/USDC:USDC,OPEN,,43650,,0.153393,,,,,,,,
TRX/USDC:USDC,OPEN,,44326,,0.153309,,,,,,,,
ETH/USDC:USDC,OPEN,,2.8126,,2450.04,,,,,,,,
BTC/USDC:USDC,OPEN,,0.00331,,60401.4,,,,,,,,
BTC/USDC:USDC,OPEN,,0.00497,,60363.8,,,,,,,,
AAVE/USDC:USDC,OPEN,,2.12,,141.3504,,,,,,,,
BTC/USDC:USDC,OPEN,,0.00663,,60293,,,,,,,,
ETH/USDC:USDC,OPEN,,2.8539,,2449.62,,,,,,,,
BTC/USDC:USDC,OPEN,,0.0083,,60226.6,,,,,,,,,
kSHIB/USDC:USDC,OPEN,,14374,,0.013911,,,,,,,,
LINK/USDC:USDC,OPEN,,8.8,,11.352,,,,,,,,
ONDO/USDC:USDC,OPEN,,889,,0.668167,,,,,,,,
ONDO/USDC:USDC,OPEN,,1044,,0.664251,,,,,,,,
TRX/USDC:USDC,OPEN,,45003,,0.153224,,,,,,,,
BTC/USDC:USDC,OPEN,,0.00997,,60187.1,,,,,,,,
SEI/USDC:USDC,OPEN,,335,,0.29847,,,,,,,,
kBONK/USDC:USDC,OPEN,,455693,,0.017559,,,,,,,,
TRX/USDC:USDC,OPEN,,45679,,0.153144,,,,,,,,
SUI/USDC:USDC,OPEN,,98.4,,1.0168,,,,,,,,
kBONK/USDC:USDC,OPEN,,461520,,0.017554,,,,,,,,
kPEPE/USDC:USDC,OPEN,,38302,,0.007837,,,,,,,,,
kSHIB/USDC:USDC,OPEN,,21700,,0.013819,,,,,,,,
LINK/USDC:USDC,OPEN,,17.7,,11.30724,,,,,,,,
TRX/USDC:USDC,OPEN,,46357,,0.153062,,,,,,,,
TRX/USDC:USDC,OPEN,,47035,,0.15298,,,,,,,,
TRX/USDC:USDC,OPEN,,47715,,0.152897,,,,,,,,
kPEPE/USDC:USDC,OPEN,,51339,,0.007796,,,,,,,,
BNB/USDC:USDC,OPEN,,0.18,,549.89,,,,,,,,,
ARB/USDC:USDC,OPEN,,189.4,,0.52855,,,,,,,,
LTC/USDC:USDC,OPEN,,1.51,,66.088,,,,,,,,
LTC/USDC:USDC,OPEN,,3.02,,66.008,,,,,,,,
LTC/USDC:USDC,OPEN,,4.54,,65.8687,,,,,,,,
kPEPE/USDC:USDC,OPEN,,64250,,0.007786,,,,,,,,
ETH/USDC:USDC,OPEN,,2.8952,,2449.22,,,,,,,,
LTC/USDC:USDC,OPEN,,6.05,,65.879,,,,,,,,
AAVE/USDC:USDC,OPEN,,-3.01,,145.75,,,,,,,,
LTC/USDC:USDC,OPEN,,7.57,,65.8507,,,,,,,,
kPEPE/USDC:USDC,OPEN,,77145,,0.007782,,,,,,,,
LTC/USDC:USDC,OPEN,,9.09,,65.8129,,,,,,,,,
kBONK/USDC:USDC,OPEN,,467295,,0.017551,,,,,,,,
LTC/USDC:USDC,OPEN,,10.61,,65.7836,,,,,,,,
LTC/USDC:USDC,OPEN,,12.14,,65.7269,,,,,,,,,
kBONK/USDC:USDC,OPEN,,473104,,0.017547,,,,,,,,
kSHIB/USDC:USDC,OPEN,,28973,,0.013801,,,,,,,,
LTC/USDC:USDC,OPEN,,13.67,,65.6772,,,,,,,,
ETH/USDC:USDC,OPEN,,2.9366,,2448.74,,,,,,,,
kSHIB/USDC:USDC,OPEN,,36249,,0.013788,,,,,,,,
LTC/USDC:USDC,OPEN,,15.2,,65.6373,,,,,,,,
SUI/USDC:USDC,OPEN,,92.9,,1.0755,,,,,,,,
LINK/USDC:USDC,OPEN,,26.6,,11.29545,,,,,,,,
LTC/USDC:USDC,OPEN,,16.73,,65.5857,,,,,,,,
SUI/USDC:USDC,OPEN,,186.8,,1.07002,,,,,,,,
RUNE/USDC:USDC,OPEN,,24.9,,4.0093,,,,,,,,
LTC/USDC:USDC,OPEN,,18.27,,65.5285,,,,,,,,
ETH/USDC:USDC,OPEN,,2.978,,2448.26,,,,,,,,
TRX/USDC:USDC,OPEN,,48395,,0.152815,,,,,,,,
LTC/USDC:USDC,OPEN,,19.81,,65.4719,,,,,,,,
LTC/USDC:USDC,OPEN,,21.35,,65.4157,,,,,,,,
RUNE/USDC:USDC,OPEN,,-25,,4.0676,,,,,,,,
ETH/USDC:USDC,OPEN,,3.0195,,2447.71,,,,,,,,
BTC/USDC:USDC,OPEN,,0.01164,,60150.5,,,,,,,,
kPEPE/USDC:USDC,OPEN,,90186,,0.007767,,,,,,,,
kSHIB/USDC:USDC,OPEN,,43546,,0.013774,,,,,,,,
LINK/USDC:USDC,OPEN,,35.5,,11.26876,,,,,,,,
TON/USDC:USDC,OPEN,,17.8,,5.6111,,,,,,,,
kPEPE/USDC:USDC,OPEN,,103295,,0.007749,,,,,,,,
SOL/USDC:USDC,OPEN,,0.74,,135.65,,,,,,,,
TRX/USDC:USDC,OPEN,,49075,,0.152733,,,,,,,,
kBONK/USDC:USDC,OPEN,,478971,,0.017541,,,,,,,,
kPEPE/USDC:USDC,OPEN,,116414,,0.007735,,,,,,,,
kSHIB/USDC:USDC,OPEN,,50842,,0.013766,,,,,,,,
SUI/USDC:USDC,OPEN,,93,,1.0767,,,,,,,,
ETH/USDC:USDC,OPEN,,3.0611,,2447.07,,,,,,,,
kBONK/USDC:USDC,OPEN,,484814,,0.017536,,,,,,,,
kSHIB/USDC:USDC,OPEN,,58103,,0.013767,,,,,,,,
LTC/USDC:USDC,OPEN,,22.91,,65.3298,,,,,,,,
kBONK/USDC:USDC,OPEN,,490763,,0.017528,,,,,,,,
SOL/USDC:USDC,OPEN,,1.49,,134.3916,,,,,,,,
AAVE/USDC:USDC,OPEN,,0.7,,145.64,,,,,,,,
ETH/USDC:USDC,OPEN,,3.1033,,2445.92,,,,,,,,
TRX/USDC:USDC,OPEN,,49748,,0.152676,,,,,,,,
kBONK/USDC:USDC,OPEN,,496801,,0.017516,,,,,,,,
ETH/USDC:USDC,OPEN,,3.146,,2444.47,,,,,,,,,
kSHIB/USDC:USDC,OPEN,,65498,,0.01374,,,,,,,,
LTC/USDC:USDC,OPEN,,24.48,,65.2261,,,,,,,,,
kPEPE/USDC:USDC,OPEN,,129837,,0.007706,,,,,,,,
LINK/USDC:USDC,OPEN,,44.6,,11.20658,,,,,,,,
ONDO/USDC:USDC,OPEN,,1205,,0.658294,,,,,,,,
TON/USDC:USDC,OPEN,,35.8,,5.58364,,,,,,,,
SOL/USDC:USDC,OPEN,,2.25,,133.5094,,,,,,,,
ONDO/USDC:USDC,OPEN,,1367,,0.653587,,,,,,,,
BTC/USDC:USDC,OPEN,,0.01334,,59990.7,,,,,,,,,
ETH/USDC:USDC,OPEN,,3.1893,,2442.63,,,,,,,,,
kSHIB/USDC:USDC,OPEN,,72968,,0.013704,,,,,,,,
ONDO/USDC:USDC,OPEN,,1531,,0.648919,,,,,,,,
LTC/USDC:USDC,OPEN,,26.06,,65.1056,,,,,,,,,
RUNE/USDC:USDC,OPEN,,25.4,,3.9324,,,,,,,,
LINK/USDC:USDC,OPEN,,53.8,,11.14201,,,,,,,,
LTC/USDC:USDC,OPEN,,27.65,,64.9801,,,,,,,,
TRX/USDC:USDC,OPEN,,50422,,0.152616,,,,,,,,
LTC/USDC:USDC,OPEN,,29.23,,64.8687,,,,,,,,
SOL/USDC:USDC,OPEN,,3.02,,132.6911,,,,,,,,,
LINK/USDC:USDC,OPEN,,63.2,,11.06764,,,,,,,,,
AAVE/USDC:USDC,OPEN,,1.43,,142.9088,,,,,,,,
TRX/USDC:USDC,OPEN,,51098,,0.152554,,,,,,,,
TRX/USDC:USDC,OPEN,,51774,,0.152492,,,,,,,,
TON/USDC:USDC,OPEN,,54.1,,5.54188,,,,,,,,
LINK/USDC:USDC,OPEN,,72.7,,11.0017,,,,,,,,
AAVE/USDC:USDC,OPEN,,1.66,,142.4282,,,,,,,,
AAVE/USDC:USDC,OPEN,,2.16,,141.7365,,,,,,,,
LTC/USDC:USDC,OPEN,,30.82,,64.7558,,,,,,,,
AAVE/USDC:USDC,OPEN,,2.89,,141.3837,,,,,,,,
kBONK/USDC:USDC,OPEN,,502839,,0.017507,,,,,,,,
ETH/USDC:USDC,OPEN,,3.2326,,2440.84,,,,,,,,
ETH/USDC:USDC,OPEN,,3.2761,,2438.94,,,,,,,,
kSHIB/USDC:USDC,OPEN,,80507,,0.013662,,,,,,,,,
kBONK/USDC:USDC,OPEN,,508903,,0.017495,,,,,,,,
BTC/USDC:USDC,OPEN,,0.01505,,59831.7,,,,,,,,
BTC/USDC:USDC,OPEN,,0.01676,,59702,,,,,,,,
AAVE/USDC:USDC,OPEN,,3.62,,141.1611,,,,,,,,
kBONK/USDC:USDC,OPEN,,510104,,0.017492,,,,,,,,
kBONK/USDC:USDC,OPEN,,514989,,0.017482,,,,,,,,
LINK/USDC:USDC,OPEN,,82.2,,10.95088,,,,,,,,
BTC/USDC:USDC,OPEN,,0.01849,,59516.3,,,,,,,,
TON/USDC:USDC,OPEN,,18.4,,5.436,,,,,,,,
TRX/USDC:USDC,OPEN,,52449,,0.152435,,,,,,,,
kBONK/USDC:USDC,OPEN,,521189,,0.017466,,,,,,,,
RUNE/USDC:USDC,OPEN,,25.8,,3.8764,,,,,,,,
TON/USDC:USDC,OPEN,,37,,5.40543,,,,,,,,
AAVE/USDC:USDC,OPEN,,4.35,,141.1509,,,,,,,,
kSHIB/USDC:USDC,OPEN,,88167,,0.01361,,,,,,,,
kBONK/USDC:USDC,OPEN,,527397,,0.01745,,,,,,,,
kBONK/USDC:USDC,OPEN,,533625,,0.017434,,,,,,,,
TRX/USDC:USDC,OPEN,,53123,,0.152382,,,,,,,,
RUNE/USDC:USDC,OPEN,,51.9,,3.85246,,,,,,,,
BTC/USDC:USDC,OPEN,,0.02021,,59392.4,,,,,,,,
kBONK/USDC:USDC,OPEN,,539843,,0.017419,,,,,,,,
ETH/USDC:USDC,OPEN,,3.3198,,2436.91,,,,,,,,
kSHIB/USDC:USDC,OPEN,,95822,,0.013566,,,,,,,,
BTC/USDC:USDC,OPEN,,0.02195,,59252.1,,,,,,,,
LTC/USDC:USDC,OPEN,,32.42,,64.6272,,,,,,,,
kPEPE/USDC:USDC,OPEN,,143828,,0.007652,,,,,,,,
kBONK/USDC:USDC,OPEN,,546110,,0.017402,,,,,,,,
AAVE/USDC:USDC,OPEN,,5.1,,140.5316,,,,,,,,
TRX/USDC:USDC,OPEN,,53791,,0.152349,,,,,,,,
LTC/USDC:USDC,OPEN,,34,,64.5496,,,,,,,,
AAVE/USDC:USDC,OPEN,,5.83,,140.5665,,,,,,,,
LTC/USDC:USDC,OPEN,,35.59,,64.4651,,,,,,,,
LTC/USDC:USDC,OPEN,,37.19,,64.373,,,,,,,,
TON/USDC:USDC,OPEN,,55.4,,5.40984,,,,,,,,
TRX/USDC:USDC,OPEN,,54457,,0.15232,,,,,,,,
TRX/USDC:USDC,OPEN,,55121,,0.1523,,,,,,,,
kPEPE/USDC:USDC,OPEN,,157363,,0.00763,,,,,,,,
kPEPE/USDC:USDC,OPEN,,171065,,0.007604,,,,,,,,,
kSHIB/USDC:USDC,OPEN,,103327,,0.013548,,,,,,,,
ETH/USDC:USDC,OPEN,,3.3624,,2435.77,,,,,,,,
ONDO/USDC:USDC,OPEN,,1697,,0.644329,,,,,,,,
ONDO/USDC:USDC,OPEN,,1864,,0.640214,,,,,,,,
TRX/USDC:USDC,OPEN,,55788,,0.152271,,,,,,,,
TRX/USDC:USDC,OPEN,,56456,,0.152242,,,,,,,,
ETH/USDC:USDC,OPEN,,3.4052,,2434.47,,,,,,,,
kSHIB/USDC:USDC,OPEN,,110868,,0.013529,,,,,,,,
kSHIB/USDC:USDC,OPEN,,118444,,0.013508,,,,,,,,
ETH/USDC:USDC,OPEN,,3.4482,,2433.11,,,,,,,,
kPEPE/USDC:USDC,OPEN,,184892,,0.007576,,,,,,,,
ETH/USDC:USDC,OPEN,,3.4914,,2431.66,,,,,,,,,
kSHIB/USDC:USDC,OPEN,,126029,,0.013489,,,,,,,,
TRX/USDC:USDC,OPEN,,57124,,0.152211,,,,,,,,
kBONK/USDC:USDC,OPEN,,552140,,0.017393,,,,,,,,
ETH/USDC:USDC,OPEN,,3.5344,,2430.3,,,,,,,,
kSHIB/USDC:USDC,OPEN,,133562,,0.013477,,,,,,,,
LTC/USDC:USDC,OPEN,,1.56,,63.884,,,,,,,,
TON/USDC:USDC,OPEN,,73.6,,5.4284,,,,,,,,
LTC/USDC:USDC,OPEN,,3.13,,63.731,,,,,,,,
kBONK/USDC:USDC,OPEN,,558184,,0.017384,,,,,,,,
ETH/USDC:USDC,OPEN,,3.5774,,2429,,,,,,,,
kBONK/USDC:USDC,OPEN,,564264,,0.017374,,,,,,,,
ADA/USDC:USDC,OPEN,,301,,0.33225,,,,,,,,
TRX/USDC:USDC,OPEN,,57791,,0.152184,,,,,,,,
kBONK/USDC:USDC,OPEN,,570412,,0.017363,,,,,,,,
RUNE/USDC:USDC,OPEN,,25.1,,3.9755,,,,,,,,
kPEPE/USDC:USDC,OPEN,,198829,,0.007549,,,,,,,,
ETH/USDC:USDC,OPEN,,3.6209,,2427.43,,,,,,,,
SUI/USDC:USDC,OPEN,,85.7,,1.1661,,,,,,,,
kBONK/USDC:USDC,OPEN,,576629,,0.017349,,,,,,,,
ADA/USDC:USDC,OPEN,,604,,0.330403,,,,,,,,
ETH/USDC:USDC,OPEN,,3.6647,,2425.68,,,,,,,,,
kSHIB/USDC:USDC,OPEN,,141214,,0.013455,,,,,,,,
WLD/USDC:USDC,OPEN,,34.4,,1.4531,,,,,,,,
BTC/USDC:USDC,OPEN,,0.00168,,59641,,,,,,,,,
RUNE/USDC:USDC,OPEN,,50.4,,3.95737,,,,,,,,
SOL/USDC:USDC,OPEN,,3.8,,131.9191,,,,,,,,
TRX/USDC:USDC,OPEN,,58460,,0.152154,,,,,,,,
LTC/USDC:USDC,OPEN,,4.71,,63.5646,,,,,,,,
kPEPE/USDC:USDC,OPEN,,212737,,0.007525,,,,,,,,
LTC/USDC:USDC,OPEN,,7.87,,63.4459,,,,,,,,
TRX/USDC:USDC,OPEN,,59129,,0.152123,,,,,,,,
kPEPE/USDC:USDC,OPEN,,226680,,0.007504,,,,,,,,
kBONK/USDC:USDC,OPEN,,582873,,0.017335,,,,,,,,
ETH/USDC:USDC,OPEN,,3.7082,,2424.16,,,,,,,,
LTC/USDC:USDC,OPEN,,9.46,,63.316,,,,,,,,
LTC/USDC:USDC,OPEN,,12.64,,63.1436,,,,,,,,
kPEPE/USDC:USDC,OPEN,,240770,,0.00748,,,,,,,,,
RUNE/USDC:USDC,OPEN,,76.1,,3.93313,,,,,,,,
BTC/USDC:USDC,OPEN,,0.00336,,59635.5,,,,,,,,
WLD/USDC:USDC,OPEN,,69,,1.44833,,,,,,,,
kBONK/USDC:USDC,OPEN,,589199,,0.017318,,,,,,,,
kPEPE/USDC:USDC,OPEN,,254974,,0.007456,,,,,,,,
RUNE/USDC:USDC,OPEN,,102.1,,3.91178,,,,,,,,
TRX/USDC:USDC,OPEN,,59800,,0.152089,,,,,,,,
TRX/USDC:USDC,OPEN,,60471,,0.152054,,,,,,,,
TRX/USDC:USDC,OPEN,,61139,,0.152029,,,,,,,,
TRX/USDC:USDC,OPEN,,61807,,0.152004,,,,,,,,
TRX/USDC:USDC,OPEN,,62473,,0.151985,,,,,,,,